TYPE,DEPARTMENT,PLACE,14/3/2020,15/3/2020,16/3/2020,17/3/2020,18/3/2020,19/3/2020,20/3/2020,21/3/2020,22/3/2020,23/3/2020,24/3/2020,25/3/2020,26/3/2020,27/3/2020,28/3/2020,29/3/2020,30/3/2020,31/3/2020,1/4/2020,2/4/2020,3/4/2020,4/4/2020,5/4/2020,6/4/2020,7/4/2020,8/4/2020,9/4/2020,10/04/2020,11/04/2020,12/04/2020,13/04/2020,14/04/2020,15/04/2020,16/04/2020,17/04/2020,18/04/2020,19/04/2020,20/04/2020,21/04/2020,22/04/2020,23/04/2020,24/04/2020,25/04/2020
CONFIRMADOS,##TOTAL,##TOTAL,1.0,1.0,1.0,1.0,1.0,2.0,2.0,4.0,4.0,15.0,20,39,55,64,77,90,111,133,144,152,160,165,176,184,187,189,195,197,200,203,205,207,209,212,218,221,222,224,225,230,236,239,242
CONFIRMADOS,#D_9 DE JULIO,#D_9 DE JULIO,0.0,0.0,0.0,0.0,0.0,0.0,0.0,0.0,0.0,0.0,0,0,0,0,0,0,0,0,0,0,0,0,0,0,0,0,0,0,0,0,0,0,0,0,0,0,0,0,0,0,0,0,0
CONFIRMADOS,#D_9 DE JULIO,MONTEFIORE,0.0,0.0,0.0,0.0,0.0,0.0,0.0,0.0,0.0,0.0,0,0,0,0,0,0,0,0,0,0,0,0,0,0,0,0,0,0,0,0,0,0,0,0,0,0,0,0,0,0,0,0,0
CONFIRMADOS,#D_9 DE JULIO,TOSTADO,0.0,0.0,0.0,0.0,0.0,0.0,0.0,0.0,0.0,0.0,0,0,0,0,0,0,0,0,0,0,0,0,0,0,0,0,0,0,0,0,0,0,0,0,0,0,0,0,0,0,0,0,0
CONFIRMADOS,#D_9 DE JULIO,VILLA MINETTI,0.0,0.0,0.0,0.0,0.0,0.0,0.0,0.0,0.0,0.0,0,0,0,0,0,0,0,0,0,0,0,0,0,0,0,0,0,0,0,0,0,0,0,0,0,0,0,0,0,0,0,0,0
CONFIRMADOS,#D_BELGRANO,#D_BELGRANO,0.0,0.0,0.0,0.0,0.0,0.0,0.0,0.0,0.0,0.0,0,0,1,1,1,1,3,3,3,3,3,3,3,3,4,4,3,4,4,4,4,4,4,4,4,4,4,4,4,4,4,4,4
CONFIRMADOS,#D_BELGRANO,ARMSTRONG,0.0,0.0,0.0,0.0,0.0,0.0,0.0,0.0,0.0,0.0,0,0,0,0,0,0,2,2,2,2,2,2,2,2,2,2,2,2,2,2,2,2,2,2,2,2,2,2,2,2,2,2,2
CONFIRMADOS,#D_BELGRANO,BOUQUET,0.0,0.0,0.0,0.0,0.0,0.0,0.0,0.0,0.0,0.0,0,0,0,0,0,0,0,0,0,0,0,0,0,0,0,0,0,0,0,0,0,0,0,0,0,0,0,0,0,0,0,0,0
CONFIRMADOS,#D_BELGRANO,LAS PAREJAS,0.0,0.0,0.0,0.0,0.0,0.0,0.0,0.0,0.0,0.0,0,0,1,1,1,1,1,1,1,1,1,1,1,1,1,1,1,1,1,1,1,1,1,1,1,1,1,1,1,1,1,1,1
CONFIRMADOS,#D_BELGRANO,LAS ROSAS,0.0,0.0,0.0,0.0,0.0,0.0,0.0,0.0,0.0,0.0,0,0,0,0,0,0,0,0,0,0,0,0,0,0,1,1,0,1,1,1,1,1,1,1,1,1,1,1,1,1,1,1,1
CONFIRMADOS,#D_BELGRANO,MONTES DE OCA,0.0,0.0,0.0,0.0,0.0,0.0,0.0,0.0,0.0,0.0,0,0,0,0,0,0,0,0,0,0,0,0,0,0,0,0,0,0,0,0,0,0,0,0,0,0,0,0,0,0,0,0,0
CONFIRMADOS,#D_CASEROS,#D_CASEROS,0.0,0.0,0.0,0.0,0.0,0.0,0.0,0.0,0.0,0.0,0,1,2,2,3,3,3,3,3,3,3,3,3,3,3,3,3,3,3,3,3,3,3,3,3,3,3,3,3,3,3,3,3
CONFIRMADOS,#D_CASEROS,ARTEAGA,0.0,0.0,0.0,0.0,0.0,0.0,0.0,0.0,0.0,0.0,0,0,0,0,0,0,0,0,0,0,0,0,0,0,0,0,0,0,0,0,0,0,0,0,0,0,0,0,0,0,0,0,0
CONFIRMADOS,#D_CASEROS,BERABEVU,0.0,0.0,0.0,0.0,0.0,0.0,0.0,0.0,0.0,0.0,0,0,0,0,0,0,0,0,0,0,0,0,0,0,0,0,0,0,0,0,0,0,0,0,0,0,0,0,0,0,0,0,0
CONFIRMADOS,#D_CASEROS,BIGAND,0.0,0.0,0.0,0.0,0.0,0.0,0.0,0.0,0.0,0.0,0,0,0,0,0,0,0,0,0,0,0,0,0,0,0,0,0,0,0,0,0,0,0,0,0,0,0,0,0,0,0,0,0
CONFIRMADOS,#D_CASEROS,CASILDA,0.0,0.0,0.0,0.0,0.0,0.0,0.0,0.0,0.0,0.0,0,1,2,2,2,2,2,2,2,2,2,2,2,2,2,2,2,2,2,2,2,2,2,2,2,2,2,2,2,2,2,2,2
CONFIRMADOS,#D_CASEROS,CHABAS,0.0,0.0,0.0,0.0,0.0,0.0,0.0,0.0,0.0,0.0,0,0,0,0,1,1,1,1,1,1,1,1,1,1,1,1,1,1,1,1,1,1,1,1,1,1,1,1,1,1,1,1,1
CONFIRMADOS,#D_CASEROS,CHANAR LADEADO,0.0,0.0,0.0,0.0,0.0,0.0,0.0,0.0,0.0,0.0,0,0,0,0,0,0,0,0,0,0,0,0,0,0,0,0,0,0,0,0,0,0,0,0,0,0,0,0,0,0,0,0,0
CONFIRMADOS,#D_CASEROS,LOS MOLINOS,0.0,0.0,0.0,0.0,0.0,0.0,0.0,0.0,0.0,0.0,0,0,0,0,0,0,0,0,0,0,0,0,0,0,0,0,0,0,0,0,0,0,0,0,0,0,0,0,0,0,0,0,0
CONFIRMADOS,#D_CASEROS,LOS QUIRQUINCHOS,0.0,0.0,0.0,0.0,0.0,0.0,0.0,0.0,0.0,0.0,0,0,0,0,0,0,0,0,0,0,0,0,0,0,0,0,0,0,0,0,0,0,0,0,0,0,0,0,0,0,0,0,0
CONFIRMADOS,#D_CASEROS,SAN JOSE DE LA ESQUINA,0.0,0.0,0.0,0.0,0.0,0.0,0.0,0.0,0.0,0.0,0,0,0,0,0,0,0,0,0,0,0,0,0,0,0,0,0,0,0,0,0,0,0,0,0,0,0,0,0,0,0,0,0
CONFIRMADOS,#D_CASEROS,SANFORD,0.0,0.0,0.0,0.0,0.0,0.0,0.0,0.0,0.0,0.0,0,0,0,0,0,0,0,0,0,0,0,0,0,0,0,0,0,0,0,0,0,0,0,0,0,0,0,0,0,0,0,0,0
CONFIRMADOS,#D_CASTELLANOS,#D_CASTELLANOS,0.0,0.0,0.0,0.0,0.0,0.0,0.0,1.0,1.0,1.0,3,4,5,5,9,9,10,13,12,17,18,18,18,18,18,18,18,18,19,19,20,20,20,20,20,20,20,20,21,21,21,21,21
CONFIRMADOS,#D_CASTELLANOS,FRONTERA,0.0,0.0,0.0,0.0,0.0,0.0,0.0,0.0,0.0,0.0,0,0,0,0,0,0,0,0,0,0,0,0,0,0,0,0,0,0,0,0,0,0,0,0,0,0,0,0,0,0,0,0,0
CONFIRMADOS,#D_CASTELLANOS,HUMBERTO PRIMO,0.0,0.0,0.0,0.0,0.0,0.0,0.0,0.0,0.0,0.0,0,0,0,0,0,0,0,0,0,0,0,0,0,0,0,0,0,0,0,0,0,0,0,0,0,0,0,0,0,0,0,0,0
CONFIRMADOS,#D_CASTELLANOS,JOSEFINA,0.0,0.0,0.0,0.0,0.0,0.0,0.0,0.0,0.0,0.0,0,0,0,0,0,0,0,0,0,0,0,0,0,0,0,0,0,0,0,0,0,0,0,0,0,0,0,0,0,0,0,0,0
CONFIRMADOS,#D_CASTELLANOS,LEHMANN,0.0,0.0,0.0,0.0,0.0,0.0,0.0,0.0,0.0,0.0,0,0,0,0,0,0,0,0,0,0,0,0,0,0,0,0,0,0,0,0,0,0,0,0,0,0,0,0,0,0,0,0,0
CONFIRMADOS,#D_CASTELLANOS,MARIA JUANA,0.0,0.0,0.0,0.0,0.0,0.0,0.0,0.0,0.0,0.0,0,0,0,0,0,0,0,0,0,0,0,0,0,0,0,0,0,0,0,0,0,0,0,0,0,0,0,0,0,0,0,0,0
CONFIRMADOS,#D_CASTELLANOS,PRESIDENTE ROCA,0.0,0.0,0.0,0.0,0.0,0.0,0.0,0.0,0.0,0.0,0,0,0,0,0,0,0,0,0,0,0,0,0,0,0,0,0,0,0,0,0,0,0,0,0,0,0,0,0,0,0,0,0
CONFIRMADOS,#D_CASTELLANOS,RAFAELA,0.0,0.0,0.0,0.0,0.0,0.0,0.0,1.0,1.0,1.0,3,4,5,5,9,9,10,13,12,17,18,18,18,18,18,18,18,18,19,19,20,20,20,20,20,20,20,20,21,21,21,21,21
CONFIRMADOS,#D_CASTELLANOS,RAMONA,0.0,0.0,0.0,0.0,0.0,0.0,0.0,0.0,0.0,0.0,0,0,0,0,0,0,0,0,0,0,0,0,0,0,0,0,0,0,0,0,0,0,0,0,0,0,0,0,0,0,0,0,0
CONFIRMADOS,#D_CASTELLANOS,SAN VICENTE,0.0,0.0,0.0,0.0,0.0,0.0,0.0,0.0,0.0,0.0,0,0,0,0,0,0,0,0,0,0,0,0,0,0,0,0,0,0,0,0,0,0,0,0,0,0,0,0,0,0,0,0,0
CONFIRMADOS,#D_CASTELLANOS,SUNCHALES,0.0,0.0,0.0,0.0,0.0,0.0,0.0,0.0,0.0,0.0,0,0,0,0,0,0,0,0,0,0,0,0,0,0,0,0,0,0,0,0,0,0,0,0,0,0,0,0,0,0,0,0,0
CONFIRMADOS,#D_CASTELLANOS,SUSANA,0.0,0.0,0.0,0.0,0.0,0.0,0.0,0.0,0.0,0.0,0,0,0,0,0,0,0,0,0,0,0,0,0,0,0,0,0,0,0,0,0,0,0,0,0,0,0,0,0,0,0,0,0
CONFIRMADOS,#D_CASTELLANOS,TACURAL,0.0,0.0,0.0,0.0,0.0,0.0,0.0,0.0,0.0,0.0,0,0,0,0,0,0,0,0,0,0,0,0,0,0,0,0,0,0,0,0,0,0,0,0,0,0,0,0,0,0,0,0,0
CONFIRMADOS,#D_CONSTITUCION,#D_CONSTITUCION,0.0,0.0,0.0,0.0,0.0,0.0,0.0,0.0,0.0,0.0,0,1,1,2,2,2,4,4,5,5,5,5,6,8,8,8,8,8,8,8,8,8,8,9,9,9,9,9,9,9,9,9,9
CONFIRMADOS,#D_CONSTITUCION,ALCORTA,0.0,0.0,0.0,0.0,0.0,0.0,0.0,0.0,0.0,0.0,0,0,0,0,0,0,0,0,0,0,0,0,0,0,0,0,0,0,0,0,0,0,0,0,0,0,0,0,0,0,0,0,0
CONFIRMADOS,#D_CONSTITUCION,BOMBAL,0.0,0.0,0.0,0.0,0.0,0.0,0.0,0.0,0.0,0.0,0,0,0,0,0,0,0,0,0,0,0,0,0,0,0,0,0,0,0,0,0,0,0,0,0,0,0,0,0,0,0,0,0
CONFIRMADOS,#D_CONSTITUCION,EMPALME VILLA CONSTITUCION,0.0,0.0,0.0,0.0,0.0,0.0,0.0,0.0,0.0,0.0,0,0,0,0,0,0,0,0,0,0,0,0,0,0,0,0,0,0,0,0,0,0,0,0,0,0,0,0,0,0,0,0,0
CONFIRMADOS,#D_CONSTITUCION,GODOY,0.0,0.0,0.0,0.0,0.0,0.0,0.0,0.0,0.0,0.0,0,0,0,0,0,0,0,0,0,0,0,0,0,0,0,0,0,0,0,0,0,0,0,0,0,0,0,0,0,0,0,0,0
CONFIRMADOS,#D_CONSTITUCION,JUAN B. MOLINA,0.0,0.0,0.0,0.0,0.0,0.0,0.0,0.0,0.0,0.0,0,0,0,0,0,0,0,0,0,0,0,0,0,0,0,0,0,0,0,0,0,0,0,0,0,0,0,0,0,0,0,0,0
CONFIRMADOS,#D_CONSTITUCION,JUNCAL,0.0,0.0,0.0,0.0,0.0,0.0,0.0,0.0,0.0,0.0,0,0,0,0,0,0,0,0,0,0,0,0,0,0,0,0,0,0,0,0,0,0,0,0,0,0,0,0,0,0,0,0,0
CONFIRMADOS,#D_CONSTITUCION,LA VANGUARDIA,0.0,0.0,0.0,0.0,0.0,0.0,0.0,0.0,0.0,0.0,0,0,0,0,0,0,0,0,0,0,0,0,0,0,0,0,0,0,0,0,0,0,0,0,0,0,0,0,0,0,0,0,0
CONFIRMADOS,#D_CONSTITUCION,MAXIMO PAZ,0.0,0.0,0.0,0.0,0.0,0.0,0.0,0.0,0.0,0.0,0,0,0,0,0,0,0,0,0,0,0,0,0,0,0,0,0,0,0,0,0,0,0,0,0,0,0,0,0,0,0,0,0
CONFIRMADOS,#D_CONSTITUCION,PAVON ARRIBA,0.0,0.0,0.0,0.0,0.0,0.0,0.0,0.0,0.0,0.0,0,0,0,0,0,0,0,0,0,0,0,0,0,0,0,0,0,0,0,0,0,0,0,0,0,0,0,0,0,0,0,0,0
CONFIRMADOS,#D_CONSTITUCION,SARGENTO CABRAL,0.0,0.0,0.0,0.0,0.0,0.0,0.0,0.0,0.0,0.0,0,0,0,0,0,0,0,0,0,0,0,0,0,0,0,0,0,0,0,0,0,0,0,0,0,0,0,0,0,0,0,0,0
CONFIRMADOS,#D_CONSTITUCION,VILLA CONSTITUCION,0.0,0.0,0.0,0.0,0.0,0.0,0.0,0.0,0.0,0.0,0,1,1,2,2,2,4,4,5,5,5,5,6,8,8,8,8,8,8,8,8,8,8,9,9,9,9,9,9,9,9,9,9
CONFIRMADOS,#D_GARAY,#D_GARAY,0.0,0.0,0.0,0.0,0.0,0.0,0.0,0.0,0.0,1.0,2,2,2,2,2,2,2,2,2,2,2,2,2,2,2,2,2,2,2,2,2,2,3,3,3,3,3,3,3,3,3,3,3
CONFIRMADOS,#D_GARAY,CAYASTA,0.0,0.0,0.0,0.0,0.0,0.0,0.0,0.0,0.0,0.0,0,0,0,0,0,0,0,0,0,0,0,0,0,0,0,0,0,0,0,0,0,0,1,1,1,1,1,1,1,1,1,1,1
CONFIRMADOS,#D_GARAY,HELVECIA,0.0,0.0,0.0,0.0,0.0,0.0,0.0,0.0,0.0,1.0,2,2,2,2,2,2,2,2,2,2,2,2,2,2,2,2,2,2,2,2,2,2,2,2,2,2,2,2,2,2,2,2,2
CONFIRMADOS,#D_GARAY,SANTA ROSA,0.0,0.0,0.0,0.0,0.0,0.0,0.0,0.0,0.0,0.0,0,0,0,0,0,0,0,0,0,0,0,0,0,0,0,0,0,0,0,0,0,0,0,0,0,0,0,0,0,0,0,0,0
CONFIRMADOS,#D_GENERAL LOPEZ,#D_GENERAL LOPEZ,0.0,0.0,0.0,0.0,0.0,0.0,0.0,0.0,0.0,0.0,0,1,1,2,2,2,2,4,5,5,5,6,7,7,7,7,10,10,10,10,10,10,10,10,10,10,10,12,12,15,16,18,18
CONFIRMADOS,#D_GENERAL LOPEZ,CAFERATA,0.0,0.0,0.0,0.0,0.0,0.0,0.0,0.0,0.0,0.0,0,0,0,0,0,0,0,0,0,0,0,0,0,0,0,0,0,0,0,0,0,0,0,0,0,0,0,0,0,0,0,0,0
CONFIRMADOS,#D_GENERAL LOPEZ,CANADA DEL UCLE,0.0,0.0,0.0,0.0,0.0,0.0,0.0,0.0,0.0,0.0,0,0,0,0,0,0,0,0,0,0,0,0,0,0,0,0,0,0,0,0,0,0,0,0,0,0,0,0,0,0,0,0,0
CONFIRMADOS,#D_GENERAL LOPEZ,CARMEN,0.0,0.0,0.0,0.0,0.0,0.0,0.0,0.0,0.0,0.0,0,0,0,0,0,0,0,0,0,0,0,0,0,0,0,0,0,0,0,0,0,0,0,0,0,0,0,0,0,0,0,0,0
CONFIRMADOS,#D_GENERAL LOPEZ,CARRERAS,0.0,0.0,0.0,0.0,0.0,0.0,0.0,0.0,0.0,0.0,0,0,0,0,0,0,0,0,0,0,0,0,0,0,0,0,0,0,0,0,0,0,0,0,0,0,0,0,0,0,0,0,0
CONFIRMADOS,#D_GENERAL LOPEZ,CHOVET,0.0,0.0,0.0,0.0,0.0,0.0,0.0,0.0,0.0,0.0,0,0,0,0,0,0,0,0,0,0,0,0,0,0,0,0,0,0,0,0,0,0,0,0,0,0,0,0,0,0,0,0,0
CONFIRMADOS,#D_GENERAL LOPEZ,DIEGO DE ALVEAR,0.0,0.0,0.0,0.0,0.0,0.0,0.0,0.0,0.0,0.0,0,0,0,0,0,0,0,0,0,0,0,0,0,0,0,0,0,0,0,0,0,0,0,0,0,0,0,0,0,0,0,0,0
CONFIRMADOS,#D_GENERAL LOPEZ,ELORTONDO,0.0,0.0,0.0,0.0,0.0,0.0,0.0,0.0,0.0,0.0,0,0,0,0,0,0,0,2,2,2,2,2,2,2,2,2,4,4,4,4,4,4,4,4,4,4,4,4,4,4,4,4,4
CONFIRMADOS,#D_GENERAL LOPEZ,FIRMAT,0.0,0.0,0.0,0.0,0.0,0.0,0.0,0.0,0.0,0.0,0,0,0,0,0,0,0,0,0,0,0,1,1,1,1,1,1,1,1,1,1,1,1,1,1,1,1,1,1,1,1,1,1
CONFIRMADOS,#D_GENERAL LOPEZ,HUGHES,0.0,0.0,0.0,0.0,0.0,0.0,0.0,0.0,0.0,0.0,0,0,0,0,0,0,0,0,0,0,0,0,0,0,0,0,0,0,0,0,0,0,0,0,0,0,0,0,0,0,0,0,0
CONFIRMADOS,#D_GENERAL LOPEZ,MARIA TERESA,0.0,0.0,0.0,0.0,0.0,0.0,0.0,0.0,0.0,0.0,0,0,0,0,0,0,0,0,0,0,0,0,0,0,0,0,0,0,0,0,0,0,0,0,0,0,0,0,0,0,0,0,0
CONFIRMADOS,#D_GENERAL LOPEZ,MELINCUE,0.0,0.0,0.0,0.0,0.0,0.0,0.0,0.0,0.0,0.0,0,0,0,0,0,0,0,0,0,0,0,0,0,0,0,0,0,0,0,0,0,0,0,0,0,0,0,0,0,0,0,0,0
CONFIRMADOS,#D_GENERAL LOPEZ,MURPHY,0.0,0.0,0.0,0.0,0.0,0.0,0.0,0.0,0.0,0.0,0,0,0,0,0,0,0,0,0,0,0,0,0,0,0,0,0,0,0,0,0,0,0,0,0,0,0,0,0,0,0,0,0
CONFIRMADOS,#D_GENERAL LOPEZ,RUFINO,0.0,0.0,0.0,0.0,0.0,0.0,0.0,0.0,0.0,0.0,0,0,0,0,0,0,0,0,0,0,0,0,0,0,0,0,0,0,0,0,0,0,0,0,0,0,0,0,0,0,0,0,0
CONFIRMADOS,#D_GENERAL LOPEZ,SAN EDUARDO,0.0,0.0,0.0,0.0,0.0,0.0,0.0,0.0,0.0,0.0,0,0,0,0,0,0,0,0,0,0,0,0,0,0,0,0,0,0,0,0,0,0,0,0,0,0,0,0,0,0,0,0,0
CONFIRMADOS,#D_GENERAL LOPEZ,SAN FRANCISCO DE SANTA FE,0.0,0.0,0.0,0.0,0.0,0.0,0.0,0.0,0.0,0.0,0,0,0,0,0,0,0,0,0,0,0,0,0,0,0,0,0,0,0,0,0,0,0,0,0,0,0,0,0,0,0,0,0
CONFIRMADOS,#D_GENERAL LOPEZ,SAN GREGORIO,0.0,0.0,0.0,0.0,0.0,0.0,0.0,0.0,0.0,0.0,0,0,0,0,0,0,0,0,0,0,0,0,0,0,0,0,0,0,0,0,0,0,0,0,0,0,0,0,0,0,0,0,0
CONFIRMADOS,#D_GENERAL LOPEZ,SANCTI SPIRITU,0.0,0.0,0.0,0.0,0.0,0.0,0.0,0.0,0.0,0.0,0,0,0,0,0,0,0,0,0,0,0,0,0,0,0,0,0,0,0,0,0,0,0,0,0,0,0,0,0,0,0,1,1
CONFIRMADOS,#D_GENERAL LOPEZ,SANTA ISABEL,0.0,0.0,0.0,0.0,0.0,0.0,0.0,0.0,0.0,0.0,0,0,0,0,0,0,0,0,0,0,0,0,0,0,0,0,0,0,0,0,0,0,0,0,0,0,0,0,0,0,0,0,0
CONFIRMADOS,#D_GENERAL LOPEZ,TEODELINA,0.0,0.0,0.0,0.0,0.0,0.0,0.0,0.0,0.0,0.0,0,0,0,0,0,0,0,0,0,0,0,0,0,0,0,0,0,0,0,0,0,0,0,0,0,0,0,0,0,0,0,0,0
CONFIRMADOS,#D_GENERAL LOPEZ,VENADO TUERTO,0.0,0.0,0.0,0.0,0.0,0.0,0.0,0.0,0.0,0.0,0,1,1,2,2,2,2,2,3,3,3,3,4,4,4,4,5,5,5,5,5,5,5,5,5,5,5,7,7,10,11,12,12
CONFIRMADOS,#D_GENERAL LOPEZ,VILLA CANAS,0.0,0.0,0.0,0.0,0.0,0.0,0.0,0.0,0.0,0.0,0,0,0,0,0,0,0,0,0,0,0,0,0,0,0,0,0,0,0,0,0,0,0,0,0,0,0,0,0,0,0,0,0
CONFIRMADOS,#D_GENERAL LOPEZ,WHEELWRIGHT,0.0,0.0,0.0,0.0,0.0,0.0,0.0,0.0,0.0,0.0,0,0,0,0,0,0,0,0,0,0,0,0,0,0,0,0,0,0,0,0,0,0,0,0,0,0,0,0,0,0,0,0,0
CONFIRMADOS,#D_GENERAL OBLIGADO,#D_GENERAL OBLIGADO,0.0,0.0,0.0,0.0,0.0,0.0,0.0,0.0,0.0,0.0,0,0,0,0,0,0,0,0,0,0,0,0,0,0,0,0,0,0,0,0,0,0,0,0,0,0,0,0,0,0,0,0,0
CONFIRMADOS,#D_GENERAL OBLIGADO,AVELLANEDA,0.0,0.0,0.0,0.0,0.0,0.0,0.0,0.0,0.0,0.0,0,0,0,0,0,0,0,0,0,0,0,0,0,0,0,0,0,0,0,0,0,0,0,0,0,0,0,0,0,0,0,0,0
CONFIRMADOS,#D_GENERAL OBLIGADO,EL RABON,0.0,0.0,0.0,0.0,0.0,0.0,0.0,0.0,0.0,0.0,0,0,0,0,0,0,0,0,0,0,0,0,0,0,0,0,0,0,0,0,0,0,0,0,0,0,0,0,0,0,0,0,0
CONFIRMADOS,#D_GENERAL OBLIGADO,FLORENCIA,0.0,0.0,0.0,0.0,0.0,0.0,0.0,0.0,0.0,0.0,0,0,0,0,0,0,0,0,0,0,0,0,0,0,0,0,0,0,0,0,0,0,0,0,0,0,0,0,0,0,0,0,0
CONFIRMADOS,#D_GENERAL OBLIGADO,LANTERI,0.0,0.0,0.0,0.0,0.0,0.0,0.0,0.0,0.0,0.0,0,0,0,0,0,0,0,0,0,0,0,0,0,0,0,0,0,0,0,0,0,0,0,0,0,0,0,0,0,0,0,0,0
CONFIRMADOS,#D_GENERAL OBLIGADO,LAS TOSCAS,0.0,0.0,0.0,0.0,0.0,0.0,0.0,0.0,0.0,0.0,0,0,0,0,0,0,0,0,0,0,0,0,0,0,0,0,0,0,0,0,0,0,0,0,0,0,0,0,0,0,0,0,0
CONFIRMADOS,#D_GENERAL OBLIGADO,MALABRIGO,0.0,0.0,0.0,0.0,0.0,0.0,0.0,0.0,0.0,0.0,0,0,0,0,0,0,0,0,0,0,0,0,0,0,0,0,0,0,0,0,0,0,0,0,0,0,0,0,0,0,0,0,0
CONFIRMADOS,#D_GENERAL OBLIGADO,PUERTO RECONQUISTA,0.0,0.0,0.0,0.0,0.0,0.0,0.0,0.0,0.0,0.0,0,0,0,0,0,0,0,0,0,0,0,0,0,0,0,0,0,0,0,0,0,0,0,0,0,0,0,0,0,0,0,0,0
CONFIRMADOS,#D_GENERAL OBLIGADO,RECONQUISTA,0.0,0.0,0.0,0.0,0.0,0.0,0.0,0.0,0.0,0.0,0,0,0,0,0,0,0,0,0,0,0,0,0,0,0,0,0,0,0,0,0,0,0,0,0,0,0,0,0,0,0,0,0
CONFIRMADOS,#D_GENERAL OBLIGADO,SAN ANTONIO DE OBLIGADO,0.0,0.0,0.0,0.0,0.0,0.0,0.0,0.0,0.0,0.0,0,0,0,0,0,0,0,0,0,0,0,0,0,0,0,0,0,0,0,0,0,0,0,0,0,0,0,0,0,0,0,0,0
CONFIRMADOS,#D_GENERAL OBLIGADO,VILLA ANA,0.0,0.0,0.0,0.0,0.0,0.0,0.0,0.0,0.0,0.0,0,0,0,0,0,0,0,0,0,0,0,0,0,0,0,0,0,0,0,0,0,0,0,0,0,0,0,0,0,0,0,0,0
CONFIRMADOS,#D_GENERAL OBLIGADO,VILLA OCAMPO,0.0,0.0,0.0,0.0,0.0,0.0,0.0,0.0,0.0,0.0,0,0,0,0,0,0,0,0,0,0,0,0,0,0,0,0,0,0,0,0,0,0,0,0,0,0,0,0,0,0,0,0,0
CONFIRMADOS,#D_IRIONDO,#D_IRIONDO,0.0,0.0,0.0,0.0,0.0,0.0,0.0,0.0,0.0,0.0,0,0,0,1,1,1,1,3,3,3,3,3,3,3,3,3,4,4,4,4,4,5,5,5,5,6,6,6,6,6,7,7,7
CONFIRMADOS,#D_IRIONDO,ANDINO,0.0,0.0,0.0,0.0,0.0,0.0,0.0,0.0,0.0,0.0,0,0,0,1,1,1,1,2,2,2,2,2,2,2,2,2,2,2,2,2,2,2,2,2,2,2,2,2,2,2,2,2,2
CONFIRMADOS,#D_IRIONDO,CANADA DE GOMEZ,0.0,0.0,0.0,0.0,0.0,0.0,0.0,0.0,0.0,0.0,0,0,0,0,0,0,0,1,1,1,1,1,1,1,1,1,1,1,1,1,1,1,1,1,1,1,1,1,1,1,1,1,1
CONFIRMADOS,#D_IRIONDO,CARRIZALES,0.0,0.0,0.0,0.0,0.0,0.0,0.0,0.0,0.0,0.0,0,0,0,0,0,0,0,0,0,0,0,0,0,0,0,0,0,0,0,0,0,0,0,0,0,0,0,0,0,0,0,0,0
CONFIRMADOS,#D_IRIONDO,CLASON,0.0,0.0,0.0,0.0,0.0,0.0,0.0,0.0,0.0,0.0,0,0,0,0,0,0,0,0,0,0,0,0,0,0,0,0,0,0,0,0,0,0,0,0,0,0,0,0,0,0,0,0,0
CONFIRMADOS,#D_IRIONDO,CORREA,0.0,0.0,0.0,0.0,0.0,0.0,0.0,0.0,0.0,0.0,0,0,0,0,0,0,0,0,0,0,0,0,0,0,0,0,0,0,0,0,0,0,0,0,0,0,0,0,0,0,0,0,0
CONFIRMADOS,#D_IRIONDO,OLIVEROS,0.0,0.0,0.0,0.0,0.0,0.0,0.0,0.0,0.0,0.0,0,0,0,0,0,0,0,0,0,0,0,0,0,0,0,0,1,1,1,1,1,2,2,2,2,3,3,3,3,3,4,4,4
CONFIRMADOS,#D_IRIONDO,SALTO GRANDE,0.0,0.0,0.0,0.0,0.0,0.0,0.0,0.0,0.0,0.0,0,0,0,0,0,0,0,0,0,0,0,0,0,0,0,0,0,0,0,0,0,0,0,0,0,0,0,0,0,0,0,0,0
CONFIRMADOS,#D_IRIONDO,SERODINO,0.0,0.0,0.0,0.0,0.0,0.0,0.0,0.0,0.0,0.0,0,0,0,0,0,0,0,0,0,0,0,0,0,0,0,0,0,0,0,0,0,0,0,0,0,0,0,0,0,0,0,0,0
CONFIRMADOS,#D_IRIONDO,TOTORAS,0.0,0.0,0.0,0.0,0.0,0.0,0.0,0.0,0.0,0.0,0,0,0,0,0,0,0,0,0,0,0,0,0,0,0,0,0,0,0,0,0,0,0,0,0,0,0,0,0,0,0,0,0
CONFIRMADOS,#D_LA CAPITAL,#D_LA CAPITAL,0.0,0.0,0.0,0.0,0.0,0.0,0.0,1.0,1.0,1.0,1,12,18,18,23,24,24,28,29,28,28,29,33,36,36,36,37,37,37,37,37,37,37,37,37,37,37,37,37,37,37,37,37
CONFIRMADOS,#D_LA CAPITAL,ANGEL GALLARDO,0.0,0.0,0.0,0.0,0.0,0.0,0.0,0.0,0.0,0.0,0,0,0,0,0,0,0,0,0,0,0,0,0,0,0,0,0,0,0,0,0,0,0,0,0,0,0,0,0,0,0,0,0
CONFIRMADOS,#D_LA CAPITAL,ARROYO AGUIAR,0.0,0.0,0.0,0.0,0.0,0.0,0.0,0.0,0.0,0.0,0,0,0,0,0,0,0,0,0,0,0,0,0,0,0,0,0,0,0,0,0,0,0,0,0,0,0,0,0,0,0,0,0
CONFIRMADOS,#D_LA CAPITAL,ARROYO LEYES,0.0,0.0,0.0,0.0,0.0,0.0,0.0,0.0,0.0,0.0,0,0,0,0,0,0,0,0,0,0,0,0,0,0,0,0,0,0,0,0,0,0,0,0,0,0,0,0,0,0,0,0,0
CONFIRMADOS,#D_LA CAPITAL,LAGUNA PAIVA,0.0,0.0,0.0,0.0,0.0,0.0,0.0,0.0,0.0,0.0,0,0,0,0,0,0,0,0,0,0,0,0,0,0,0,0,0,0,0,0,0,0,0,0,0,0,0,0,0,0,0,0,0
CONFIRMADOS,#D_LA CAPITAL,LLAMBI CAMPBELL,0.0,0.0,0.0,0.0,0.0,0.0,0.0,0.0,0.0,0.0,0,0,0,0,0,0,0,0,0,0,0,0,3,3,3,3,3,3,3,3,3,3,3,3,3,3,3,3,3,3,3,3,3
CONFIRMADOS,#D_LA CAPITAL,MONTE VERA,0.0,0.0,0.0,0.0,0.0,0.0,0.0,0.0,0.0,0.0,0,0,0,0,0,0,0,0,0,0,0,0,0,0,0,0,0,0,0,0,0,0,0,0,0,0,0,0,0,0,0,0,0
CONFIRMADOS,#D_LA CAPITAL,NELSON,0.0,0.0,0.0,0.0,0.0,0.0,0.0,0.0,0.0,0.0,0,0,0,0,0,0,0,0,0,0,0,0,0,0,0,0,0,0,0,0,0,0,0,0,0,0,0,0,0,0,0,0,0
CONFIRMADOS,#D_LA CAPITAL,RECREO,0.0,0.0,0.0,0.0,0.0,0.0,0.0,0.0,0.0,0.0,0,0,0,0,0,0,0,0,0,0,0,0,0,0,0,0,0,0,0,0,0,0,0,0,0,0,0,0,0,0,0,0,0
CONFIRMADOS,#D_LA CAPITAL,RINCON POTRERO,0.0,0.0,0.0,0.0,0.0,0.0,0.0,0.0,0.0,0.0,0,0,0,0,0,0,0,0,0,0,0,0,0,0,0,0,0,0,0,0,0,0,0,0,0,0,0,0,0,0,0,0,0
CONFIRMADOS,#D_LA CAPITAL,SAN JOSE DEL RINCON,0.0,0.0,0.0,0.0,0.0,0.0,0.0,0.0,0.0,0.0,0,0,1,1,1,1,1,1,1,1,1,1,1,1,1,1,1,1,1,1,1,1,1,1,1,1,1,1,1,1,1,1,1
CONFIRMADOS,#D_LA CAPITAL,SANTA FE,0.0,0.0,0.0,0.0,0.0,0.0,0.0,1.0,1.0,1.0,1,8,13,13,17,18,18,22,22,22,22,23,23,26,26,26,27,27,27,27,27,27,27,27,27,27,27,27,27,27,27,27,27
CONFIRMADOS,#D_LA CAPITAL,SANTO TOME,0.0,0.0,0.0,0.0,0.0,0.0,0.0,0.0,0.0,0.0,0,3,3,3,4,4,4,4,5,4,4,4,5,5,5,5,5,5,5,5,5,5,5,5,5,5,5,5,5,5,5,5,5
CONFIRMADOS,#D_LA CAPITAL,SAUCE VIEJO,0.0,0.0,0.0,0.0,0.0,0.0,0.0,0.0,0.0,0.0,0,1,1,1,1,1,1,1,1,1,1,1,1,1,1,1,1,1,1,1,1,1,1,1,1,1,1,1,1,1,1,1,1
CONFIRMADOS,#D_LAS COLONIAS,#D_LAS COLONIAS,0.0,0.0,0.0,0.0,0.0,0.0,0.0,0.0,0.0,1.0,1,1,3,3,3,3,3,4,4,4,4,4,4,4,4,4,4,4,4,4,4,4,4,4,4,4,4,4,4,4,4,4,4
CONFIRMADOS,#D_LAS COLONIAS,ESPERANZA,0.0,0.0,0.0,0.0,0.0,0.0,0.0,0.0,0.0,1.0,1,1,1,1,1,1,1,1,1,1,1,1,1,1,1,1,1,1,1,1,1,1,1,1,1,1,1,1,1,1,1,1,1
CONFIRMADOS,#D_LAS COLONIAS,FRANCK,0.0,0.0,0.0,0.0,0.0,0.0,0.0,0.0,0.0,0.0,0,0,1,1,1,1,1,1,1,1,1,1,1,1,1,1,1,1,1,1,1,1,1,1,1,1,1,1,1,1,1,1,1
CONFIRMADOS,#D_LAS COLONIAS,HUMBOLDT,0.0,0.0,0.0,0.0,0.0,0.0,0.0,0.0,0.0,0.0,0,0,1,1,1,1,1,1,1,1,1,1,1,1,1,1,1,1,1,1,1,1,1,1,1,1,1,1,1,1,1,1,1
CONFIRMADOS,#D_LAS COLONIAS,NUEVO TORINO,0.0,0.0,0.0,0.0,0.0,0.0,0.0,0.0,0.0,0.0,0,0,0,0,0,0,0,0,0,0,0,0,0,0,0,0,0,0,0,0,0,0,0,0,0,0,0,0,0,0,0,0,0
CONFIRMADOS,#D_LAS COLONIAS,PILAR,0.0,0.0,0.0,0.0,0.0,0.0,0.0,0.0,0.0,0.0,0,0,0,0,0,0,0,0,0,0,0,0,0,0,0,0,0,0,0,0,0,0,0,0,0,0,0,0,0,0,0,0,0
CONFIRMADOS,#D_LAS COLONIAS,SAN CARLOS CENTRO,0.0,0.0,0.0,0.0,0.0,0.0,0.0,0.0,0.0,0.0,0,0,0,0,0,0,0,0,0,0,0,0,0,0,0,0,0,0,0,0,0,0,0,0,0,0,0,0,0,0,0,0,0
CONFIRMADOS,#D_LAS COLONIAS,SAN CARLOS SUD,0.0,0.0,0.0,0.0,0.0,0.0,0.0,0.0,0.0,0.0,0,0,0,0,0,0,0,1,1,1,1,1,1,1,1,1,1,1,1,1,1,1,1,1,1,1,1,1,1,1,1,1,1
CONFIRMADOS,#D_LAS COLONIAS,SAN JERONIMO DEL SAUCE,0.0,0.0,0.0,0.0,0.0,0.0,0.0,0.0,0.0,0.0,0,0,0,0,0,0,0,0,0,0,0,0,0,0,0,0,0,0,0,0,0,0,0,0,0,0,0,0,0,0,0,0,0
CONFIRMADOS,#D_LAS COLONIAS,SAN JERONIMO NORTE,0.0,0.0,0.0,0.0,0.0,0.0,0.0,0.0,0.0,0.0,0,0,0,0,0,0,0,0,0,0,0,0,0,0,0,0,0,0,0,0,0,0,0,0,0,0,0,0,0,0,0,0,0
CONFIRMADOS,#D_LAS COLONIAS,SANTA CLARA DE BUENA VISTA,0.0,0.0,0.0,0.0,0.0,0.0,0.0,0.0,0.0,0.0,0,0,0,0,0,0,0,0,0,0,0,0,0,0,0,0,0,0,0,0,0,0,0,0,0,0,0,0,0,0,0,0,0
CONFIRMADOS,#D_LAS COLONIAS,SANTO DOMINGO,0.0,0.0,0.0,0.0,0.0,0.0,0.0,0.0,0.0,0.0,0,0,0,0,0,0,0,0,0,0,0,0,0,0,0,0,0,0,0,0,0,0,0,0,0,0,0,0,0,0,0,0,0
CONFIRMADOS,#D_LAS COLONIAS,SARMIENTO,0.0,0.0,0.0,0.0,0.0,0.0,0.0,0.0,0.0,0.0,0,0,0,0,0,0,0,0,0,0,0,0,0,0,0,0,0,0,0,0,0,0,0,0,0,0,0,0,0,0,0,0,0
CONFIRMADOS,#D_ROSARIO,#D_ROSARIO,1.0,1.0,1.0,1.0,1.0,2.0,2.0,2.0,2.0,9.0,9,11,15,21,24,33,48,55,62,65,72,75,80,83,85,87,87,88,90,93,94,94,95,97,103,104,105,105,105,107,108,108,109
CONFIRMADOS,#D_ROSARIO,ACEBAL,0.0,0.0,0.0,0.0,0.0,0.0,0.0,0.0,0.0,0.0,0,0,0,0,0,0,0,0,0,0,0,0,0,0,0,0,0,0,0,0,0,0,0,0,0,0,0,0,0,0,0,0,0
CONFIRMADOS,#D_ROSARIO,ALBARELLOS,0.0,0.0,0.0,0.0,0.0,0.0,0.0,0.0,0.0,0.0,0,0,0,0,0,0,0,0,0,0,0,0,0,0,0,0,0,0,0,0,0,0,0,0,0,0,0,0,0,0,0,0,0
CONFIRMADOS,#D_ROSARIO,ALVAREZ,0.0,0.0,0.0,0.0,0.0,0.0,0.0,0.0,0.0,0.0,0,0,0,0,0,0,0,0,0,0,0,0,0,0,0,0,0,0,0,0,0,0,0,0,0,0,0,0,0,0,0,0,0
CONFIRMADOS,#D_ROSARIO,ALVEAR,0.0,0.0,0.0,0.0,0.0,0.0,0.0,0.0,0.0,0.0,0,0,0,0,0,0,0,0,0,0,0,0,0,0,0,0,0,0,0,0,0,0,0,0,0,0,0,0,0,0,0,0,0
CONFIRMADOS,#D_ROSARIO,ARROYO SECO,0.0,0.0,0.0,0.0,0.0,0.0,0.0,0.0,0.0,0.0,0,0,0,0,0,2,2,2,2,2,2,2,2,2,2,2,2,2,2,2,2,2,2,2,2,2,2,2,2,2,2,2,2
CONFIRMADOS,#D_ROSARIO,CORONEL DOMINGUEZ,0.0,0.0,0.0,0.0,0.0,0.0,0.0,0.0,0.0,0.0,0,0,0,0,0,0,0,0,0,0,0,0,0,0,0,0,0,0,0,0,0,0,0,0,0,0,0,0,0,0,0,0,0
CONFIRMADOS,#D_ROSARIO,FIGHIERA,0.0,0.0,0.0,0.0,0.0,0.0,0.0,0.0,0.0,0.0,0,0,0,0,0,0,0,0,0,0,0,0,0,0,0,0,0,0,0,0,0,0,0,0,0,0,0,0,0,0,0,0,0
CONFIRMADOS,#D_ROSARIO,FUNES,0.0,0.0,0.0,0.0,0.0,0.0,0.0,0.0,0.0,0.0,0,0,0,0,0,0,1,1,2,3,3,3,3,3,3,3,3,3,4,4,4,4,4,4,4,4,4,4,4,5,5,5,5
CONFIRMADOS,#D_ROSARIO,GENERAL LAGOS,0.0,0.0,0.0,0.0,0.0,0.0,0.0,0.0,0.0,0.0,0,0,0,0,0,0,0,0,0,0,0,0,0,0,0,0,0,0,0,0,0,0,0,0,0,0,0,0,0,0,0,0,0
CONFIRMADOS,#D_ROSARIO,GRANADERO BAIGORRIA,0.0,0.0,0.0,0.0,0.0,0.0,0.0,0.0,0.0,0.0,0,0,0,0,0,0,0,0,0,0,0,0,0,0,1,1,1,1,1,1,1,1,1,1,1,1,1,1,1,1,2,2,2
CONFIRMADOS,#D_ROSARIO,IBARLUCEA,0.0,0.0,0.0,0.0,0.0,0.0,0.0,0.0,0.0,0.0,0,0,0,0,0,0,0,0,0,0,0,0,0,0,0,0,0,0,0,0,0,0,0,0,0,0,0,0,0,0,0,0,0
CONFIRMADOS,#D_ROSARIO,PEREZ,0.0,0.0,0.0,0.0,0.0,0.0,0.0,0.0,0.0,0.0,0,0,0,0,0,0,0,0,0,0,0,0,0,0,0,0,0,0,0,0,0,0,0,0,0,0,0,0,0,0,0,0,0
CONFIRMADOS,#D_ROSARIO,PINERO,0.0,0.0,0.0,0.0,0.0,0.0,0.0,0.0,0.0,0.0,0,0,0,0,0,0,0,0,0,0,0,0,0,0,0,0,0,0,0,0,0,0,0,0,0,0,0,0,0,0,0,0,0
CONFIRMADOS,#D_ROSARIO,PUEBLO ESTHER,0.0,0.0,0.0,0.0,0.0,0.0,0.0,0.0,0.0,0.0,0,0,0,0,0,0,0,0,0,0,0,0,0,0,0,0,0,0,0,0,0,0,0,0,0,0,0,0,0,0,0,0,0
CONFIRMADOS,#D_ROSARIO,ROSARIO,1.0,1.0,1.0,1.0,1.0,2.0,2.0,2.0,2.0,8.0,8,10,14,20,23,30,44,51,56,58,65,68,73,76,77,79,79,80,81,84,85,85,86,88,94,95,96,96,96,97,97,97,98
CONFIRMADOS,#D_ROSARIO,SOLDINI,0.0,0.0,0.0,0.0,0.0,0.0,0.0,0.0,0.0,0.0,0,0,0,0,0,0,0,0,0,0,0,0,0,0,0,0,0,0,0,0,0,0,0,0,0,0,0,0,0,0,0,0,0
CONFIRMADOS,#D_ROSARIO,VILLA GOBERNADOR GALVEZ,0.0,0.0,0.0,0.0,0.0,0.0,0.0,0.0,0.0,1.0,1,1,1,1,1,1,1,1,2,2,2,2,2,2,2,2,2,0,0,0,0,0,0,0,0,0,0,0,0,0,0,0,0
CONFIRMADOS,#D_ROSARIO,VILLA GOBERNADOR GALVEZ,0.0,0.0,0.0,0.0,0.0,0.0,0.0,0.0,0.0,0.0,0,0,0,0,0,0,0,0,0,0,0,0,0,0,0,0,0,2,2,2,2,2,2,2,2,2,2,2,2,2,2,2,2
CONFIRMADOS,#D_ROSARIO,ZAVALLA,0.0,0.0,0.0,0.0,0.0,0.0,0.0,0.0,0.0,0.0,0,0,0,0,0,0,0,0,0,0,0,0,0,0,0,0,0,0,0,0,0,0,0,0,0,0,0,0,0,0,0,0,0
CONFIRMADOS,#D_SAN CRISTOBAL,#D_SAN CRISTOBAL,0.0,0.0,0.0,0.0,0.0,0.0,0.0,0.0,0.0,0.0,0,0,0,0,0,0,0,0,0,0,0,0,0,0,0,0,0,0,0,0,0,0,0,0,0,0,0,0,0,0,0,0,0
CONFIRMADOS,#D_SAN CRISTOBAL,ARRUFO,0.0,0.0,0.0,0.0,0.0,0.0,0.0,0.0,0.0,0.0,0,0,0,0,0,0,0,0,0,0,0,0,0,0,0,0,0,0,0,0,0,0,0,0,0,0,0,0,0,0,0,0,0
CONFIRMADOS,#D_SAN CRISTOBAL,CERES,0.0,0.0,0.0,0.0,0.0,0.0,0.0,0.0,0.0,0.0,0,0,0,0,0,0,0,0,0,0,0,0,0,0,0,0,0,0,0,0,0,0,0,0,0,0,0,0,0,0,0,0,0
CONFIRMADOS,#D_SAN CRISTOBAL,COLONIA ROSA,0.0,0.0,0.0,0.0,0.0,0.0,0.0,0.0,0.0,0.0,0,0,0,0,0,0,0,0,0,0,0,0,0,0,0,0,0,0,0,0,0,0,0,0,0,0,0,0,0,0,0,0,0
CONFIRMADOS,#D_SAN CRISTOBAL,SAN CRISTOBAL,0.0,0.0,0.0,0.0,0.0,0.0,0.0,0.0,0.0,0.0,0,0,0,0,0,0,0,0,0,0,0,0,0,0,0,0,0,0,0,0,0,0,0,0,0,0,0,0,0,0,0,0,0
CONFIRMADOS,#D_SAN CRISTOBAL,SAN GUILLERMO,0.0,0.0,0.0,0.0,0.0,0.0,0.0,0.0,0.0,0.0,0,0,0,0,0,0,0,0,0,0,0,0,0,0,0,0,0,0,0,0,0,0,0,0,0,0,0,0,0,0,0,0,0
CONFIRMADOS,#D_SAN CRISTOBAL,SOLEDAD,0.0,0.0,0.0,0.0,0.0,0.0,0.0,0.0,0.0,0.0,0,0,0,0,0,0,0,0,0,0,0,0,0,0,0,0,0,0,0,0,0,0,0,0,0,0,0,0,0,0,0,0,0
CONFIRMADOS,#D_SAN CRISTOBAL,SUARDI,0.0,0.0,0.0,0.0,0.0,0.0,0.0,0.0,0.0,0.0,0,0,0,0,0,0,0,0,0,0,0,0,0,0,0,0,0,0,0,0,0,0,0,0,0,0,0,0,0,0,0,0,0
CONFIRMADOS,#D_SAN JAVIER,#D_SAN JAVIER,0.0,0.0,0.0,0.0,0.0,0.0,0.0,0.0,0.0,0.0,0,1,1,1,1,1,1,1,1,1,1,1,1,1,1,1,1,1,1,1,1,1,1,1,1,1,1,1,1,1,1,1,1
CONFIRMADOS,#D_SAN JAVIER,LA BRAVA,0.0,0.0,0.0,0.0,0.0,0.0,0.0,0.0,0.0,0.0,0,0,0,0,0,0,0,0,0,0,0,0,0,0,0,0,0,0,0,0,0,0,0,0,0,0,0,0,0,0,0,0,0
CONFIRMADOS,#D_SAN JAVIER,ROMANG,0.0,0.0,0.0,0.0,0.0,0.0,0.0,0.0,0.0,0.0,0,0,0,0,0,0,0,0,0,0,0,0,0,0,0,0,0,0,0,0,0,0,0,0,0,0,0,0,0,0,0,0,0
CONFIRMADOS,#D_SAN JAVIER,SAN JAVIER,0.0,0.0,0.0,0.0,0.0,0.0,0.0,0.0,0.0,0.0,0,1,1,1,1,1,1,1,1,1,1,1,1,1,1,1,1,1,1,1,1,1,1,1,1,1,1,1,1,1,1,1,1
CONFIRMADOS,#D_SAN JERONIMO,#D_SAN JERONIMO,0.0,0.0,0.0,0.0,0.0,0.0,0.0,0.0,0.0,2.0,2,3,3,3,3,6,6,6,8,8,8,8,8,8,8,8,10,10,10,10,10,10,10,10,10,10,10,10,10,10,10,10,10
CONFIRMADOS,#D_SAN JERONIMO,AROCENA,0.0,0.0,0.0,0.0,0.0,0.0,0.0,0.0,0.0,0.0,0,0,0,0,0,0,0,0,0,0,0,0,0,0,0,0,0,0,0,0,0,0,0,0,0,0,0,0,0,0,0,0,0
CONFIRMADOS,#D_SAN JERONIMO,BARRANCAS,0.0,0.0,0.0,0.0,0.0,0.0,0.0,0.0,0.0,0.0,0,0,0,0,0,0,0,0,0,0,0,0,0,0,0,0,0,0,0,0,0,0,0,0,0,0,0,0,0,0,0,0,0
CONFIRMADOS,#D_SAN JERONIMO,BERNARDO DE IRIGOYEN,0.0,0.0,0.0,0.0,0.0,0.0,0.0,0.0,0.0,0.0,0,0,0,0,0,0,0,0,0,0,0,0,0,0,0,0,0,0,0,0,0,0,0,0,0,0,0,0,0,0,0,0,0
CONFIRMADOS,#D_SAN JERONIMO,CORONDA,0.0,0.0,0.0,0.0,0.0,0.0,0.0,0.0,0.0,0.0,0,0,0,0,0,0,0,0,0,0,0,0,0,0,0,0,0,0,0,0,0,0,0,0,0,0,0,0,0,0,0,0,0
CONFIRMADOS,#D_SAN JERONIMO,DESVIO ARIJON,0.0,0.0,0.0,0.0,0.0,0.0,0.0,0.0,0.0,0.0,0,0,0,0,0,0,0,0,0,0,0,0,0,0,0,0,0,0,0,0,0,0,0,0,0,0,0,0,0,0,0,0,0
CONFIRMADOS,#D_SAN JERONIMO,ESTACION DIAZ,0.0,0.0,0.0,0.0,0.0,0.0,0.0,0.0,0.0,0.0,0,0,0,0,0,0,0,0,0,0,0,0,0,0,0,0,0,0,0,0,0,0,0,0,0,0,0,0,0,0,0,0,0
CONFIRMADOS,#D_SAN JERONIMO,GABOTO,0.0,0.0,0.0,0.0,0.0,0.0,0.0,0.0,0.0,0.0,0,0,0,0,0,0,0,0,0,0,0,0,0,0,0,0,0,0,0,0,0,0,0,0,0,0,0,0,0,0,0,0,0
CONFIRMADOS,#D_SAN JERONIMO,GALVEZ,0.0,0.0,0.0,0.0,0.0,0.0,0.0,0.0,0.0,2.0,2,3,3,3,3,6,6,6,7,7,7,7,7,7,7,7,9,9,9,9,9,9,9,9,9,9,9,9,9,9,9,9,9
CONFIRMADOS,#D_SAN JERONIMO,GESSLER,0.0,0.0,0.0,0.0,0.0,0.0,0.0,0.0,0.0,0.0,0,0,0,0,0,0,0,0,0,0,0,0,0,0,0,0,0,0,0,0,0,0,0,0,0,0,0,0,0,0,0,0,0
CONFIRMADOS,#D_SAN JERONIMO,IRIGOYEN,0.0,0.0,0.0,0.0,0.0,0.0,0.0,0.0,0.0,0.0,0,0,0,0,0,0,0,0,0,0,0,0,0,0,0,0,0,0,0,0,0,0,0,0,0,0,0,0,0,0,0,0,0
CONFIRMADOS,#D_SAN JERONIMO,LOPEZ,0.0,0.0,0.0,0.0,0.0,0.0,0.0,0.0,0.0,0.0,0,0,0,0,0,0,0,0,0,0,0,0,0,0,0,0,0,0,0,0,0,0,0,0,0,0,0,0,0,0,0,0,0
CONFIRMADOS,#D_SAN JERONIMO,MACIEL,0.0,0.0,0.0,0.0,0.0,0.0,0.0,0.0,0.0,0.0,0,0,0,0,0,0,0,0,0,0,0,0,0,0,0,0,0,0,0,0,0,0,0,0,0,0,0,0,0,0,0,0,0
CONFIRMADOS,#D_SAN JERONIMO,MONJE,0.0,0.0,0.0,0.0,0.0,0.0,0.0,0.0,0.0,0.0,0,0,0,0,0,0,0,0,0,0,0,0,0,0,0,0,0,0,0,0,0,0,0,0,0,0,0,0,0,0,0,0,0
CONFIRMADOS,#D_SAN JERONIMO,SAN GENARO,0.0,0.0,0.0,0.0,0.0,0.0,0.0,0.0,0.0,0.0,0,0,0,0,0,0,0,0,1,1,1,1,1,1,1,1,1,1,1,1,1,1,1,1,1,1,1,1,1,1,1,1,1
CONFIRMADOS,#D_SAN JUSTO,#D_SAN JUSTO,0.0,0.0,0.0,0.0,0.0,0.0,0.0,0.0,0.0,0.0,0,0,0,0,0,0,0,0,0,0,0,0,0,0,0,0,0,0,0,0,0,0,0,0,0,0,0,0,0,0,0,0,0
CONFIRMADOS,#D_SAN JUSTO,CAMPO LA PEPITA,0.0,0.0,0.0,0.0,0.0,0.0,0.0,0.0,0.0,0.0,0,0,0,0,0,0,0,0,0,0,0,0,0,0,0,0,0,0,0,0,0,0,0,0,0,0,0,0,0,0,0,0,0
CONFIRMADOS,#D_SAN JUSTO,GOBERNADOR CRESPO,0.0,0.0,0.0,0.0,0.0,0.0,0.0,0.0,0.0,0.0,0,0,0,0,0,0,0,0,0,0,0,0,0,0,0,0,0,0,0,0,0,0,0,0,0,0,0,0,0,0,0,0,0
CONFIRMADOS,#D_SAN JUSTO,LA CRIOLLA,0.0,0.0,0.0,0.0,0.0,0.0,0.0,0.0,0.0,0.0,0,0,0,0,0,0,0,0,0,0,0,0,0,0,0,0,0,0,0,0,0,0,0,0,0,0,0,0,0,0,0,0,0
CONFIRMADOS,#D_SAN JUSTO,SAN JUSTO,0.0,0.0,0.0,0.0,0.0,0.0,0.0,0.0,0.0,0.0,0,0,0,0,0,0,0,0,0,0,0,0,0,0,0,0,0,0,0,0,0,0,0,0,0,0,0,0,0,0,0,0,0
CONFIRMADOS,#D_SAN JUSTO,VIDELA,0.0,0.0,0.0,0.0,0.0,0.0,0.0,0.0,0.0,0.0,0,0,0,0,0,0,0,0,0,0,0,0,0,0,0,0,0,0,0,0,0,0,0,0,0,0,0,0,0,0,0,0,0
CONFIRMADOS,#D_SAN LORENZO,#D_SAN LORENZO,0.0,0.0,0.0,0.0,0.0,0.0,0.0,0.0,0.0,0.0,2,2,2,2,2,2,3,6,6,7,7,7,7,7,7,7,7,7,7,7,7,8,8,8,8,9,9,9,9,9,12,13,15
CONFIRMADOS,#D_SAN LORENZO,CAPITAN BERMUDEZ,0.0,0.0,0.0,0.0,0.0,0.0,0.0,0.0,0.0,0.0,0,0,0,0,0,0,0,0,0,0,0,0,0,0,0,0,0,0,0,0,0,0,0,0,0,0,0,0,0,0,0,1,1
CONFIRMADOS,#D_SAN LORENZO,CARCARANA,0.0,0.0,0.0,0.0,0.0,0.0,0.0,0.0,0.0,0.0,0,0,0,0,0,0,0,0,0,0,0,0,0,0,0,0,0,0,0,0,0,0,0,0,0,0,0,0,0,0,0,0,0
CONFIRMADOS,#D_SAN LORENZO,FRAY LUIS BELTRAN,0.0,0.0,0.0,0.0,0.0,0.0,0.0,0.0,0.0,0.0,0,0,0,0,0,0,0,0,0,0,0,0,0,0,0,0,0,0,0,0,0,0,0,0,0,0,0,0,0,0,1,1,3
CONFIRMADOS,#D_SAN LORENZO,FUENTES,0.0,0.0,0.0,0.0,0.0,0.0,0.0,0.0,0.0,0.0,0,0,0,0,0,0,0,0,0,0,0,0,0,0,0,0,0,0,0,0,0,0,0,0,0,0,0,0,0,0,0,0,0
CONFIRMADOS,#D_SAN LORENZO,LUIS PALACIOS,0.0,0.0,0.0,0.0,0.0,0.0,0.0,0.0,0.0,0.0,0,0,0,0,0,0,0,0,0,0,0,0,0,0,0,0,0,0,0,0,0,0,0,0,0,0,0,0,0,0,0,0,0
CONFIRMADOS,#D_SAN LORENZO,PUERTO SAN MARTIN,0.0,0.0,0.0,0.0,0.0,0.0,0.0,0.0,0.0,0.0,0,0,0,0,0,0,0,0,0,0,0,0,0,0,0,0,0,0,0,0,0,0,0,0,0,0,0,0,0,0,0,0,0
CONFIRMADOS,#D_SAN LORENZO,PUJATO,0.0,0.0,0.0,0.0,0.0,0.0,0.0,0.0,0.0,0.0,0,0,0,0,0,0,0,2,2,2,2,2,2,2,2,2,2,2,2,2,2,2,2,2,2,2,2,2,2,2,2,2,2
CONFIRMADOS,#D_SAN LORENZO,RICARDONE,0.0,0.0,0.0,0.0,0.0,0.0,0.0,0.0,0.0,0.0,0,0,0,0,0,0,0,0,0,0,0,0,0,0,0,0,0,0,0,0,0,0,0,0,0,0,0,0,0,0,0,0,0
CONFIRMADOS,#D_SAN LORENZO,ROLDAN,0.0,0.0,0.0,0.0,0.0,0.0,0.0,0.0,0.0,0.0,2,2,2,2,2,2,3,4,4,4,4,4,4,4,4,4,4,4,4,4,4,5,5,5,5,6,6,6,6,6,6,6,6
CONFIRMADOS,#D_SAN LORENZO,SAN JERONIMO SUR,0.0,0.0,0.0,0.0,0.0,0.0,0.0,0.0,0.0,0.0,0,0,0,0,0,0,0,0,0,0,0,0,0,0,0,0,0,0,0,0,0,0,0,0,0,0,0,0,0,0,0,0,0
CONFIRMADOS,#D_SAN LORENZO,SAN LORENZO,0.0,0.0,0.0,0.0,0.0,0.0,0.0,0.0,0.0,0.0,0,0,0,0,0,0,0,0,0,1,1,1,1,1,1,1,1,1,1,1,1,1,1,1,1,1,1,1,1,1,3,3,3
CONFIRMADOS,#D_SAN LORENZO,TIMBUES,0.0,0.0,0.0,0.0,0.0,0.0,0.0,0.0,0.0,0.0,0,0,0,0,0,0,0,0,0,0,0,0,0,0,0,0,0,0,0,0,0,0,0,0,0,0,0,0,0,0,0,0,0
CONFIRMADOS,#D_SAN LORENZO,VILLA MUGUETA,0.0,0.0,0.0,0.0,0.0,0.0,0.0,0.0,0.0,0.0,0,0,0,0,0,0,0,0,0,0,0,0,0,0,0,0,0,0,0,0,0,0,0,0,0,0,0,0,0,0,0,0,0
CONFIRMADOS,#D_SAN MARTIN,#D_SAN MARTIN,0.0,0.0,0.0,0.0,0.0,0.0,0.0,0.0,0.0,0.0,0,0,0,0,0,0,0,0,0,0,0,0,0,0,0,0,0,0,0,0,0,0,0,0,0,0,0,0,0,0,0,0,0
CONFIRMADOS,#D_SAN MARTIN,CARLOS PELLEGRINI,0.0,0.0,0.0,0.0,0.0,0.0,0.0,0.0,0.0,0.0,0,0,0,0,0,0,0,0,0,0,0,0,0,0,0,0,0,0,0,0,0,0,0,0,0,0,0,0,0,0,0,0,0
CONFIRMADOS,#D_SAN MARTIN,EL TREBOL,0.0,0.0,0.0,0.0,0.0,0.0,0.0,0.0,0.0,0.0,0,0,0,0,0,0,0,0,0,0,0,0,0,0,0,0,0,0,0,0,0,0,0,0,0,0,0,0,0,0,0,0,0
CONFIRMADOS,#D_SAN MARTIN,MARIA SUSANA,0.0,0.0,0.0,0.0,0.0,0.0,0.0,0.0,0.0,0.0,0,0,0,0,0,0,0,0,0,0,0,0,0,0,0,0,0,0,0,0,0,0,0,0,0,0,0,0,0,0,0,0,0
CONFIRMADOS,#D_SAN MARTIN,PIAMONTE,0.0,0.0,0.0,0.0,0.0,0.0,0.0,0.0,0.0,0.0,0,0,0,0,0,0,0,0,0,0,0,0,0,0,0,0,0,0,0,0,0,0,0,0,0,0,0,0,0,0,0,0,0
CONFIRMADOS,#D_SAN MARTIN,SAN JORGE,0.0,0.0,0.0,0.0,0.0,0.0,0.0,0.0,0.0,0.0,0,0,0,0,0,0,0,0,0,0,0,0,0,0,0,0,0,0,0,0,0,0,0,0,0,0,0,0,0,0,0,0,0
CONFIRMADOS,#D_SAN MARTIN,SASTRE,0.0,0.0,0.0,0.0,0.0,0.0,0.0,0.0,0.0,0.0,0,0,0,0,0,0,0,0,0,0,0,0,0,0,0,0,0,0,0,0,0,0,0,0,0,0,0,0,0,0,0,0,0
CONFIRMADOS,#D_VERA,#D_VERA,0.0,0.0,0.0,0.0,0.0,0.0,0.0,0.0,0.0,0.0,0,0,1,1,1,1,1,1,1,1,1,1,1,1,1,1,1,1,1,1,1,1,1,1,1,1,1,1,1,1,1,1,1
CONFIRMADOS,#D_VERA,CALCHAQUI,0.0,0.0,0.0,0.0,0.0,0.0,0.0,0.0,0.0,0.0,0,0,0,0,0,0,0,0,0,0,0,0,0,0,0,0,0,0,0,0,0,0,0,0,0,0,0,0,0,0,0,0,0
CONFIRMADOS,#D_VERA,MARGARITA,0.0,0.0,0.0,0.0,0.0,0.0,0.0,0.0,0.0,0.0,0,0,0,0,0,0,0,0,0,0,0,0,0,0,0,0,0,0,0,0,0,0,0,0,0,0,0,0,0,0,0,0,0
CONFIRMADOS,#D_VERA,VERA,0.0,0.0,0.0,0.0,0.0,0.0,0.0,0.0,0.0,0.0,0,0,1,1,1,1,1,1,1,1,1,1,1,1,1,1,1,1,1,1,1,1,1,1,1,1,1,1,1,1,1,1,1
DESCARTADOS,##TOTAL,##TOTAL,17.999999999399996,21.000000003099995,21.9999999988,24.999999997400007,27.999999996200007,37.99999999999999,45.00000000439999,51.99999999810002,59.00000000160001,64.00000000349999,95,120,161,214,280,332,383,486,538,654,795,876,996,1104,1193,1403,1512,1663,1736,1846,1966,2073,2182,2288,2430,2492,2628,2793,2934,3116,3284,3486,3578
DESCARTADOS,#D_9 DE JULIO,#D_9 DE JULIO,0.0,0.0,0.0,0.0,0.0,0.0,0.0,0.0,0.0,0.0,0,0,0,0,0,0,0,1,1,1,1,1,1,1,1,1,1,1,3,3,3,3,4,4,5,5,5,5,5,5,6,6,6
DESCARTADOS,#D_9 DE JULIO,MONTEFIORE,0.0,0.0,0.0,0.0,0.0,0.0,0.0,0.0,0.0,0.0,0,0,0,0,0,0,0,0,0,0,0,0,0,0,0,0,0,0,0,0,0,0,0,0,0,0,0,0,0,0,1,1,1
DESCARTADOS,#D_9 DE JULIO,TOSTADO,0.0,0.0,0.0,0.0,0.0,0.0,0.0,0.0,0.0,0.0,0,0,0,0,0,0,0,1,1,1,1,1,1,1,1,1,1,1,3,3,3,3,4,4,4,4,4,4,4,4,4,4,4
DESCARTADOS,#D_9 DE JULIO,VILLA MINETTI,0.0,0.0,0.0,0.0,0.0,0.0,0.0,0.0,0.0,0.0,0,0,0,0,0,0,0,0,0,0,0,0,0,0,0,0,0,0,0,0,0,0,0,0,1,1,1,1,1,1,1,1,1
DESCARTADOS,#D_BELGRANO,#D_BELGRANO,0.18947368420000002,0.2210526316,0.23157894739999998,0.2631578947,0.2947368421,0.4,0.4736842105,0.5473684211,0.6210526316,0.6736842104999999,1,1,1,1,1,1,2,2,2,2,2,2,2,3,3,3,4,5,5,6,8,9,9,10,13,13,15,18,19,20,21,21,21
DESCARTADOS,#D_BELGRANO,ARMSTRONG,0.18947368420000002,0.2210526316,0.23157894739999998,0.2631578947,0.2947368421,0.4,0.4736842105,0.5473684211,0.6210526316,0.6736842104999999,1,1,1,1,1,1,1,1,1,1,1,1,1,2,2,2,2,2,2,3,3,3,3,4,5,5,6,7,7,7,7,7,7
DESCARTADOS,#D_BELGRANO,BOUQUET,0.0,0.0,0.0,0.0,0.0,0.0,0.0,0.0,0.0,0.0,0,0,0,0,0,0,0,0,0,0,0,0,0,0,0,0,0,0,0,0,1,1,1,1,1,1,1,1,1,1,1,1,1
DESCARTADOS,#D_BELGRANO,LAS PAREJAS,0.0,0.0,0.0,0.0,0.0,0.0,0.0,0.0,0.0,0.0,0,0,0,0,0,0,0,0,0,0,0,0,0,0,0,0,1,2,2,2,3,4,4,4,4,4,5,5,5,5,5,5,5
DESCARTADOS,#D_BELGRANO,LAS ROSAS,0.0,0.0,0.0,0.0,0.0,0.0,0.0,0.0,0.0,0.0,0,0,0,0,0,0,1,1,1,1,1,1,1,1,1,1,1,1,1,1,1,1,1,1,3,3,3,3,4,5,6,6,6
DESCARTADOS,#D_BELGRANO,MONTES DE OCA,0.0,0.0,0.0,0.0,0.0,0.0,0.0,0.0,0.0,0.0,0,0,0,0,0,0,0,0,0,0,0,0,0,0,0,0,0,0,0,0,0,0,0,0,0,0,0,2,2,2,2,2,2
DESCARTADOS,#D_CASEROS,#D_CASEROS,0.0,0.0,0.0,0.0,0.0,0.0,0.0,0.0,0.0,0.0,0,0,0,1,2,5,7,10,11,12,14,14,16,16,17,22,22,23,29,30,33,33,36,39,39,41,46,47,47,50,51,54,55
DESCARTADOS,#D_CASEROS,ARTEAGA,0.0,0.0,0.0,0.0,0.0,0.0,0.0,0.0,0.0,0.0,0,0,0,0,0,0,0,0,0,0,0,0,0,0,0,0,0,0,0,0,0,0,0,0,0,1,1,1,1,1,1,1,1
DESCARTADOS,#D_CASEROS,BERABEVU,0.0,0.0,0.0,0.0,0.0,0.0,0.0,0.0,0.0,0.0,0,0,0,0,0,0,0,0,0,0,0,0,0,0,0,0,0,0,0,0,0,0,0,0,0,0,0,0,0,0,1,1,1
DESCARTADOS,#D_CASEROS,BIGAND,0.0,0.0,0.0,0.0,0.0,0.0,0.0,0.0,0.0,0.0,0,0,0,0,0,0,0,1,1,1,1,1,1,1,1,2,2,2,3,3,3,3,4,4,4,4,7,7,7,9,9,10,10
DESCARTADOS,#D_CASEROS,CASILDA,0.0,0.0,0.0,0.0,0.0,0.0,0.0,0.0,0.0,0.0,0,0,0,0,1,3,4,6,6,7,8,8,10,10,11,15,15,16,19,20,23,23,23,26,26,26,28,29,29,29,29,31,31
DESCARTADOS,#D_CASEROS,CHABAS,0.0,0.0,0.0,0.0,0.0,0.0,0.0,0.0,0.0,0.0,0,0,0,1,1,2,2,2,2,2,2,2,2,2,2,2,2,2,2,2,2,2,2,2,2,2,2,2,2,2,2,2,2
DESCARTADOS,#D_CASEROS,CHANAR LADEADO,0.0,0.0,0.0,0.0,0.0,0.0,0.0,0.0,0.0,0.0,0,0,0,0,0,0,0,0,0,0,0,0,0,0,0,0,0,0,1,1,1,1,1,1,1,1,1,1,1,1,1,1,1
DESCARTADOS,#D_CASEROS,LOS MOLINOS,0.0,0.0,0.0,0.0,0.0,0.0,0.0,0.0,0.0,0.0,0,0,0,0,0,0,0,0,0,0,0,0,0,0,0,0,0,0,0,0,0,0,0,0,0,0,0,0,0,1,1,1,1
DESCARTADOS,#D_CASEROS,LOS QUIRQUINCHOS,0.0,0.0,0.0,0.0,0.0,0.0,0.0,0.0,0.0,0.0,0,0,0,0,0,0,1,1,1,1,1,1,1,1,1,1,1,1,1,1,1,1,1,1,1,1,1,1,1,1,1,1,2
DESCARTADOS,#D_CASEROS,SAN JOSE DE LA ESQUINA,0.0,0.0,0.0,0.0,0.0,0.0,0.0,0.0,0.0,0.0,0,0,0,0,0,0,0,0,1,1,2,2,2,2,2,2,2,2,3,3,3,3,4,4,4,5,5,5,5,5,5,5,5
DESCARTADOS,#D_CASEROS,SANFORD,0.0,0.0,0.0,0.0,0.0,0.0,0.0,0.0,0.0,0.0,0,0,0,0,0,0,0,0,0,0,0,0,0,0,0,0,0,0,0,0,0,0,1,1,1,1,1,1,1,1,1,1,1
DESCARTADOS,#D_CASTELLANOS,#D_CASTELLANOS,0.7578947368000001,0.8842105264,0.9263157894999999,1.0526315789,1.1789473684,1.6,1.8947368421,2.1894736841999998,2.4842105262,2.6947368419999997,4,4,4,4,8,8,8,12,14,24,28,28,30,31,42,44,46,54,58,59,60,60,63,64,79,81,83,88,96,98,100,106,106
DESCARTADOS,#D_CASTELLANOS,FRONTERA,0.0,0.0,0.0,0.0,0.0,0.0,0.0,0.0,0.0,0.0,0,0,0,0,0,0,0,0,0,0,0,0,0,0,0,1,1,1,1,1,1,1,1,1,1,1,1,5,5,5,5,6,6
DESCARTADOS,#D_CASTELLANOS,HUMBERTO PRIMO,0.0,0.0,0.0,0.0,0.0,0.0,0.0,0.0,0.0,0.0,0,0,0,0,0,0,0,0,0,0,0,0,0,0,0,1,1,1,1,1,1,1,1,1,1,1,1,1,1,1,1,1,1
DESCARTADOS,#D_CASTELLANOS,JOSEFINA,0.18947368420000002,0.2210526316,0.23157894739999998,0.2631578947,0.2947368421,0.4,0.4736842105,0.5473684211,0.6210526316,0.6736842104999999,1,1,1,1,1,1,1,1,1,1,2,2,2,2,2,2,2,2,2,2,2,2,2,2,2,2,2,2,2,2,2,2,2
DESCARTADOS,#D_CASTELLANOS,LEHMANN,0.0,0.0,0.0,0.0,0.0,0.0,0.0,0.0,0.0,0.0,0,0,0,0,0,0,0,0,0,0,0,0,0,0,0,0,0,0,0,0,0,0,0,0,1,1,1,1,1,1,1,1,1
DESCARTADOS,#D_CASTELLANOS,MARIA JUANA,0.0,0.0,0.0,0.0,0.0,0.0,0.0,0.0,0.0,0.0,0,0,0,0,0,0,0,0,0,0,0,0,0,0,0,0,1,1,1,1,1,1,1,1,1,1,1,1,1,1,2,2,2
DESCARTADOS,#D_CASTELLANOS,PRESIDENTE ROCA,0.0,0.0,0.0,0.0,0.0,0.0,0.0,0.0,0.0,0.0,0,0,0,0,0,0,0,0,0,0,0,0,0,0,0,0,0,0,0,0,0,0,0,0,1,1,1,1,1,1,1,1,1
DESCARTADOS,#D_CASTELLANOS,RAFAELA,0.37894736840000004,0.4421052632,0.46315789469999996,0.5263157895,0.5894736842,0.8,0.9473684211,1.094736842,1.242105263,1.3473684209999999,2,1,1,1,4,4,4,8,9,19,21,21,23,24,35,35,36,44,48,49,50,50,52,52,64,66,66,67,75,77,78,83,83
DESCARTADOS,#D_CASTELLANOS,RAMONA,0.0,0.0,0.0,0.0,0.0,0.0,0.0,0.0,0.0,0.0,0,0,0,0,0,0,0,0,0,0,0,0,0,0,0,0,0,0,0,0,0,0,1,1,2,2,2,2,2,2,2,2,2
DESCARTADOS,#D_CASTELLANOS,SAN VICENTE,0.0,0.0,0.0,0.0,0.0,0.0,0.0,0.0,0.0,0.0,0,0,0,0,0,0,0,0,0,0,0,0,0,0,0,0,0,0,0,0,0,0,0,0,0,0,2,2,2,2,2,2,2
DESCARTADOS,#D_CASTELLANOS,SUNCHALES,0.0,0.0,0.0,0.0,0.0,0.0,0.0,0.0,0.0,0.0,0,1,1,1,1,1,1,1,2,2,3,3,3,3,3,3,3,3,3,3,3,3,3,3,3,3,3,3,3,3,3,3,3
DESCARTADOS,#D_CASTELLANOS,SUSANA,0.0,0.0,0.0,0.0,0.0,0.0,0.0,0.0,0.0,0.0,0,0,0,0,0,0,0,0,0,0,0,0,0,0,0,0,0,0,0,0,0,0,0,1,1,1,1,1,1,1,1,1,1
DESCARTADOS,#D_CASTELLANOS,TACURAL,0.18947368420000002,0.2210526316,0.23157894739999998,0.2631578947,0.2947368421,0.4,0.4736842105,0.5473684211,0.6210526316,0.6736842104999999,1,1,1,1,2,2,2,2,2,2,2,2,2,2,2,2,2,2,2,2,2,2,2,2,2,2,2,2,2,2,2,2,2
DESCARTADOS,#D_CONSTITUCION,#D_CONSTITUCION,0.37894736840000004,0.4421052632,0.46315789469999996,0.5263157895,0.5894736842,0.8,0.9473684211,1.094736842,1.242105263,1.3473684209999999,2,3,3,4,4,4,4,5,5,6,7,7,10,12,12,12,14,14,15,15,19,21,21,23,23,26,30,32,34,36,38,40,40
DESCARTADOS,#D_CONSTITUCION,ALCORTA,0.0,0.0,0.0,0.0,0.0,0.0,0.0,0.0,0.0,0.0,0,0,0,0,0,0,0,1,1,1,1,1,1,1,1,1,1,1,2,2,2,2,2,2,2,2,2,2,2,2,2,2,2
DESCARTADOS,#D_CONSTITUCION,BOMBAL,0.0,0.0,0.0,0.0,0.0,0.0,0.0,0.0,0.0,0.0,0,0,0,0,0,0,0,0,0,0,0,0,0,1,1,1,1,1,1,1,2,2,2,3,3,3,3,3,3,3,3,3,3
DESCARTADOS,#D_CONSTITUCION,EMPALME VILLA CONSTITUCION,0.0,0.0,0.0,0.0,0.0,0.0,0.0,0.0,0.0,0.0,0,0,0,0,0,0,0,0,0,0,0,0,0,0,0,0,0,0,0,0,0,0,0,0,0,1,1,1,1,1,2,2,2
DESCARTADOS,#D_CONSTITUCION,GODOY,0.0,0.0,0.0,0.0,0.0,0.0,0.0,0.0,0.0,0.0,0,0,0,0,0,0,0,0,0,0,0,0,0,0,0,0,0,0,0,0,0,0,0,0,0,1,1,1,1,1,1,1,1
DESCARTADOS,#D_CONSTITUCION,JUAN B. MOLINA,0.0,0.0,0.0,0.0,0.0,0.0,0.0,0.0,0.0,0.0,0,0,0,0,0,0,0,0,0,0,0,0,0,0,0,0,0,0,0,0,0,0,0,0,0,0,0,0,0,0,0,1,1
DESCARTADOS,#D_CONSTITUCION,JUNCAL,0.0,0.0,0.0,0.0,0.0,0.0,0.0,0.0,0.0,0.0,0,0,0,0,0,0,0,0,0,0,0,0,0,0,0,0,0,0,0,0,0,0,0,0,0,0,1,1,1,1,1,1,1
DESCARTADOS,#D_CONSTITUCION,LA VANGUARDIA,0.0,0.0,0.0,0.0,0.0,0.0,0.0,0.0,0.0,0.0,0,0,0,0,0,0,0,0,0,0,0,0,0,0,0,0,0,0,0,0,0,0,0,0,0,0,1,1,1,1,1,1,1
DESCARTADOS,#D_CONSTITUCION,MAXIMO PAZ,0.0,0.0,0.0,0.0,0.0,0.0,0.0,0.0,0.0,0.0,0,0,0,0,0,0,0,0,0,0,0,0,0,0,0,0,0,0,0,0,0,0,0,0,0,1,1,1,1,1,1,1,1
DESCARTADOS,#D_CONSTITUCION,PAVON ARRIBA,0.0,0.0,0.0,0.0,0.0,0.0,0.0,0.0,0.0,0.0,0,0,0,0,0,0,0,0,0,1,1,1,1,1,1,1,1,1,1,1,1,1,1,1,1,1,1,1,1,1,1,1,1
DESCARTADOS,#D_CONSTITUCION,SARGENTO CABRAL,0.0,0.0,0.0,0.0,0.0,0.0,0.0,0.0,0.0,0.0,0,0,0,0,0,0,0,0,0,0,0,0,0,0,0,0,0,0,0,0,0,0,0,0,0,0,1,1,1,1,1,1,1
DESCARTADOS,#D_CONSTITUCION,VILLA CONSTITUCION,0.37894736840000004,0.4421052632,0.46315789469999996,0.5263157895,0.5894736842,0.8,0.9473684211,1.094736842,1.242105263,1.3473684209999999,2,3,3,4,4,4,4,4,4,4,5,5,8,9,9,9,11,11,11,11,14,16,16,17,17,17,18,20,22,24,25,26,26
DESCARTADOS,#D_GARAY,#D_GARAY,0.0,0.0,0.0,0.0,0.0,0.0,0.0,0.0,0.0,0.0,0,0,2,2,4,4,4,7,8,8,9,9,12,12,12,12,13,13,13,13,13,13,14,14,17,18,18,18,18,19,20,22,22
DESCARTADOS,#D_GARAY,CAYASTA,0.0,0.0,0.0,0.0,0.0,0.0,0.0,0.0,0.0,0.0,0,0,0,0,1,1,1,1,2,2,2,2,2,2,2,2,2,2,2,2,2,2,2,2,4,4,4,4,4,4,4,4,4
DESCARTADOS,#D_GARAY,HELVECIA,0.0,0.0,0.0,0.0,0.0,0.0,0.0,0.0,0.0,0.0,0,0,2,2,3,3,3,6,6,6,7,7,10,10,10,10,11,11,11,11,11,11,12,12,13,13,13,13,13,13,14,15,15
DESCARTADOS,#D_GARAY,SANTA ROSA,0.0,0.0,0.0,0.0,0.0,0.0,0.0,0.0,0.0,0.0,0,0,0,0,0,0,0,0,0,0,0,0,0,0,0,0,0,0,0,0,0,0,0,0,0,1,1,1,1,2,2,3,3
DESCARTADOS,#D_GENERAL LOPEZ,#D_GENERAL LOPEZ,0.5684210526,0.6631578947,0.6947368421,0.7894736842,0.8842105263,1.2,1.4210526319999999,1.6421052630000001,1.863157895,2.021052632,3,4,5,9,9,9,9,12,12,12,12,12,14,15,15,24,29,31,32,36,38,41,47,49,56,57,62,71,73,81,98,138,139
DESCARTADOS,#D_GENERAL LOPEZ,CAFERATA,0.0,0.0,0.0,0.0,0.0,0.0,0.0,0.0,0.0,0.0,0,0,0,0,0,0,0,0,0,0,0,0,0,0,0,0,0,1,1,1,1,1,1,1,1,1,1,1,1,1,1,1,1
DESCARTADOS,#D_GENERAL LOPEZ,CANADA DEL UCLE,0.0,0.0,0.0,0.0,0.0,0.0,0.0,0.0,0.0,0.0,0,0,0,0,0,0,0,0,0,0,0,0,1,1,1,1,1,1,1,1,1,1,1,1,1,1,1,1,1,1,1,1,1
DESCARTADOS,#D_GENERAL LOPEZ,CARMEN,0.0,0.0,0.0,0.0,0.0,0.0,0.0,0.0,0.0,0.0,0,0,0,1,1,1,1,1,1,1,1,1,1,1,1,1,1,1,1,1,1,1,1,1,1,1,1,1,1,1,1,1,1
DESCARTADOS,#D_GENERAL LOPEZ,CARRERAS,0.0,0.0,0.0,0.0,0.0,0.0,0.0,0.0,0.0,0.0,0,0,1,1,1,1,1,1,1,1,1,1,1,2,2,2,2,2,2,3,3,3,3,3,3,3,3,3,3,3,3,3,3
DESCARTADOS,#D_GENERAL LOPEZ,CHOVET,0.0,0.0,0.0,0.0,0.0,0.0,0.0,0.0,0.0,0.0,0,0,0,0,0,0,0,0,0,0,0,0,0,0,0,0,0,0,0,0,0,0,0,0,0,0,0,0,0,0,0,1,1
DESCARTADOS,#D_GENERAL LOPEZ,DIEGO DE ALVEAR,0.0,0.0,0.0,0.0,0.0,0.0,0.0,0.0,0.0,0.0,0,0,0,0,0,0,0,0,0,0,0,0,0,0,0,0,0,0,0,0,0,1,1,1,1,1,1,1,1,1,1,1,1
DESCARTADOS,#D_GENERAL LOPEZ,ELORTONDO,0.0,0.0,0.0,0.0,0.0,0.0,0.0,0.0,0.0,0.0,0,0,0,0,0,0,0,0,0,0,0,0,0,0,0,0,2,3,3,3,3,3,3,3,3,4,4,4,4,4,5,5,5
DESCARTADOS,#D_GENERAL LOPEZ,FIRMAT,0.0,0.0,0.0,0.0,0.0,0.0,0.0,0.0,0.0,0.0,0,0,0,1,1,1,1,2,2,2,2,2,3,3,3,4,4,4,4,6,6,6,8,8,10,10,11,11,11,11,11,13,13
DESCARTADOS,#D_GENERAL LOPEZ,HUGHES,0.0,0.0,0.0,0.0,0.0,0.0,0.0,0.0,0.0,0.0,0,0,0,0,0,0,0,0,0,0,0,0,0,0,0,0,0,0,0,0,0,0,0,0,0,0,0,0,0,0,0,2,2
DESCARTADOS,#D_GENERAL LOPEZ,MARIA TERESA,0.0,0.0,0.0,0.0,0.0,0.0,0.0,0.0,0.0,0.0,0,0,0,0,0,0,0,0,0,0,0,0,0,0,0,1,1,1,1,1,1,1,1,1,1,1,1,1,1,1,1,2,2
DESCARTADOS,#D_GENERAL LOPEZ,MELINCUE,0.0,0.0,0.0,0.0,0.0,0.0,0.0,0.0,0.0,0.0,0,0,0,0,0,0,0,0,0,0,0,0,0,0,0,0,0,0,0,0,0,0,0,0,0,0,0,0,0,0,0,1,1
DESCARTADOS,#D_GENERAL LOPEZ,MURPHY,0.0,0.0,0.0,0.0,0.0,0.0,0.0,0.0,0.0,0.0,0,0,0,0,0,0,0,0,0,0,0,0,0,0,0,0,0,0,0,0,0,0,1,1,1,1,1,1,1,2,2,3,3
DESCARTADOS,#D_GENERAL LOPEZ,RUFINO,0.0,0.0,0.0,0.0,0.0,0.0,0.0,0.0,0.0,0.0,0,1,1,1,1,1,1,1,1,1,1,1,1,1,1,2,2,2,2,2,2,2,2,2,2,2,2,4,6,6,6,6,7
DESCARTADOS,#D_GENERAL LOPEZ,SAN EDUARDO,0.0,0.0,0.0,0.0,0.0,0.0,0.0,0.0,0.0,0.0,0,0,0,0,0,0,0,0,0,0,0,0,0,0,0,0,0,0,0,0,0,0,0,0,0,0,0,0,0,1,1,1,1
DESCARTADOS,#D_GENERAL LOPEZ,SAN FRANCISCO DE SANTA FE,0.0,0.0,0.0,0.0,0.0,0.0,0.0,0.0,0.0,0.0,0,0,0,0,0,0,0,0,0,0,0,0,0,0,0,0,0,0,0,0,0,0,0,0,0,0,1,1,1,1,1,1,1
DESCARTADOS,#D_GENERAL LOPEZ,SAN GREGORIO,0.0,0.0,0.0,0.0,0.0,0.0,0.0,0.0,0.0,0.0,0,0,0,0,0,0,0,0,0,0,0,0,0,0,0,0,0,0,0,0,0,0,0,0,0,0,0,0,0,0,0,1,1
DESCARTADOS,#D_GENERAL LOPEZ,SANCTI SPIRITU,0.0,0.0,0.0,0.0,0.0,0.0,0.0,0.0,0.0,0.0,0,0,0,0,0,0,0,0,0,0,0,0,0,0,0,0,0,0,0,0,0,0,0,0,0,0,0,0,0,0,0,0,0
DESCARTADOS,#D_GENERAL LOPEZ,SANTA ISABEL,0.0,0.0,0.0,0.0,0.0,0.0,0.0,0.0,0.0,0.0,0,0,0,0,0,0,0,0,0,0,0,0,0,0,0,1,1,1,1,1,1,1,1,1,1,1,1,1,1,1,2,5,5
DESCARTADOS,#D_GENERAL LOPEZ,TEODELINA,0.0,0.0,0.0,0.0,0.0,0.0,0.0,0.0,0.0,0.0,0,0,0,0,0,0,0,0,0,0,0,0,0,0,0,0,0,0,0,0,0,0,1,1,1,1,1,4,4,4,5,7,7
DESCARTADOS,#D_GENERAL LOPEZ,VENADO TUERTO,0.5684210526,0.6631578947,0.6947368421,0.7894736842,0.8842105263,1.2,1.4210526319999999,1.6421052630000001,1.863157895,2.021052632,3,3,3,5,5,5,5,7,7,7,7,7,7,7,7,12,15,15,16,17,19,21,23,24,28,28,30,34,34,40,53,77,77
DESCARTADOS,#D_GENERAL LOPEZ,VILLA CANAS,0.0,0.0,0.0,0.0,0.0,0.0,0.0,0.0,0.0,0.0,0,0,0,0,0,0,0,0,0,0,0,0,0,0,0,0,0,0,0,0,0,0,0,1,1,1,1,1,1,1,2,2,2
DESCARTADOS,#D_GENERAL LOPEZ,WHEELWRIGHT,0.0,0.0,0.0,0.0,0.0,0.0,0.0,0.0,0.0,0.0,0,0,0,0,0,0,0,0,0,0,0,0,0,0,0,0,0,0,0,0,0,0,0,0,1,1,2,2,2,2,2,4,4
DESCARTADOS,#D_GENERAL OBLIGADO,#D_GENERAL OBLIGADO,0.37894736840000004,0.4421052632,0.46315789479999997,0.5263157894,0.5894736842,0.8,0.947368421,1.0947368422,1.2421052632,1.3473684209999999,2,2,2,2,6,12,13,18,18,22,26,27,27,27,28,34,35,35,36,37,38,38,41,42,45,45,45,45,45,47,47,55,55
DESCARTADOS,#D_GENERAL OBLIGADO,AVELLANEDA,0.0,0.0,0.0,0.0,0.0,0.0,0.0,0.0,0.0,0.0,0,0,0,0,1,1,1,1,1,2,3,3,3,3,3,6,6,6,6,7,7,7,8,8,8,8,8,8,8,9,9,11,11
DESCARTADOS,#D_GENERAL OBLIGADO,EL RABON,0.0,0.0,0.0,0.0,0.0,0.0,0.0,0.0,0.0,0.0,0,0,0,0,0,0,1,1,1,1,1,1,1,1,1,1,1,1,1,1,1,1,1,1,1,1,1,1,1,1,1,1,1
DESCARTADOS,#D_GENERAL OBLIGADO,FLORENCIA,0.18947368420000002,0.2210526316,0.23157894739999998,0.2631578947,0.2947368421,0.4,0.4736842105,0.5473684211,0.6210526316,0.6736842104999999,1,1,1,1,1,1,1,1,1,1,1,1,1,1,1,1,1,1,2,2,2,2,2,2,2,2,2,2,2,2,2,2,2
DESCARTADOS,#D_GENERAL OBLIGADO,LANTERI,0.0,0.0,0.0,0.0,0.0,0.0,0.0,0.0,0.0,0.0,0,0,0,0,0,0,0,0,0,0,0,0,0,0,0,0,0,0,0,0,0,0,0,0,1,1,1,1,1,1,1,1,1
DESCARTADOS,#D_GENERAL OBLIGADO,LAS TOSCAS,0.0,0.0,0.0,0.0,0.0,0.0,0.0,0.0,0.0,0.0,0,0,0,0,0,1,1,1,1,1,1,1,1,1,2,2,2,2,2,2,2,2,2,3,3,3,3,3,3,3,3,3,3
DESCARTADOS,#D_GENERAL OBLIGADO,MALABRIGO,0.0,0.0,0.0,0.0,0.0,0.0,0.0,0.0,0.0,0.0,0,0,0,0,0,0,0,0,0,0,1,1,1,1,1,1,1,1,1,1,1,1,1,1,1,1,1,1,1,1,1,1,1
DESCARTADOS,#D_GENERAL OBLIGADO,PUERTO RECONQUISTA,0.0,0.0,0.0,0.0,0.0,0.0,0.0,0.0,0.0,0.0,0,0,0,0,0,1,1,1,1,1,1,1,1,1,1,1,1,1,1,1,1,1,1,1,1,1,1,1,1,1,1,1,1
DESCARTADOS,#D_GENERAL OBLIGADO,RECONQUISTA,0.18947368420000002,0.2210526316,0.23157894739999998,0.2631578947,0.2947368421,0.4,0.4736842105,0.5473684211,0.6210526316,0.6736842104999999,1,1,1,1,4,8,8,13,13,16,18,19,19,19,19,21,21,21,21,21,22,22,24,24,26,26,26,26,26,27,27,32,32
DESCARTADOS,#D_GENERAL OBLIGADO,SAN ANTONIO DE OBLIGADO,0.0,0.0,0.0,0.0,0.0,0.0,0.0,0.0,0.0,0.0,0,0,0,0,0,0,0,0,0,0,0,0,0,0,0,1,1,1,1,1,1,1,1,1,1,1,1,1,1,1,1,1,1
DESCARTADOS,#D_GENERAL OBLIGADO,VILLA ANA,0.0,0.0,0.0,0.0,0.0,0.0,0.0,0.0,0.0,0.0,0,0,0,0,0,0,0,0,0,0,0,0,0,0,0,0,0,0,0,0,0,0,0,0,0,0,0,0,0,0,0,1,1
DESCARTADOS,#D_GENERAL OBLIGADO,VILLA OCAMPO,0.0,0.0,0.0,0.0,0.0,0.0,0.0,0.0,0.0,0.0,0,0,0,0,0,0,0,0,0,0,0,0,0,0,0,0,1,1,1,1,1,1,1,1,1,1,1,1,1,1,1,1,1
DESCARTADOS,#D_IRIONDO,#D_IRIONDO,0.0,0.0,0.0,0.0,0.0,0.0,0.0,0.0,0.0,0.0,0,1,1,1,3,4,5,5,5,6,6,7,8,13,13,19,18,19,21,22,25,27,28,30,32,34,34,36,38,39,42,44,45
DESCARTADOS,#D_IRIONDO,ANDINO,0.0,0.0,0.0,0.0,0.0,0.0,0.0,0.0,0.0,0.0,0,0,0,0,0,0,0,0,0,0,0,0,0,0,0,0,0,0,0,0,0,0,0,1,1,1,1,2,2,2,2,2,2
DESCARTADOS,#D_IRIONDO,CANADA DE GOMEZ,0.0,0.0,0.0,0.0,0.0,0.0,0.0,0.0,0.0,0.0,0,1,1,1,2,3,3,3,3,3,3,3,3,5,5,8,8,9,10,10,12,13,14,15,17,19,19,19,19,19,19,20,20
DESCARTADOS,#D_IRIONDO,CARRIZALES,0.0,0.0,0.0,0.0,0.0,0.0,0.0,0.0,0.0,0.0,0,0,0,0,0,0,0,0,0,0,0,1,1,1,1,1,1,1,1,1,1,1,1,1,1,1,1,1,1,1,1,1,1
DESCARTADOS,#D_IRIONDO,CLASON,0.0,0.0,0.0,0.0,0.0,0.0,0.0,0.0,0.0,0.0,0,0,0,0,0,0,0,0,0,0,0,0,0,0,0,1,1,1,1,1,1,1,1,1,1,1,1,1,1,1,1,1,1
DESCARTADOS,#D_IRIONDO,CORREA,0.0,0.0,0.0,0.0,0.0,0.0,0.0,0.0,0.0,0.0,0,0,0,0,0,0,0,0,0,0,0,0,0,2,2,2,2,2,3,3,3,3,3,3,3,3,3,3,4,4,4,4,5
DESCARTADOS,#D_IRIONDO,OLIVEROS,0.0,0.0,0.0,0.0,0.0,0.0,0.0,0.0,0.0,0.0,0,0,0,0,0,0,1,1,1,2,2,2,2,3,3,4,3,3,3,3,3,4,4,4,4,4,4,5,5,6,9,9,9
DESCARTADOS,#D_IRIONDO,SALTO GRANDE,0.0,0.0,0.0,0.0,0.0,0.0,0.0,0.0,0.0,0.0,0,0,0,0,0,0,0,0,0,0,0,0,1,1,1,2,2,2,2,2,2,2,2,2,2,2,2,2,2,2,2,2,2
DESCARTADOS,#D_IRIONDO,SERODINO,0.0,0.0,0.0,0.0,0.0,0.0,0.0,0.0,0.0,0.0,0,0,0,0,1,1,1,1,1,1,1,1,1,1,1,1,1,1,1,1,1,1,1,1,1,1,1,1,2,2,2,2,2
DESCARTADOS,#D_IRIONDO,TOTORAS,0.0,0.0,0.0,0.0,0.0,0.0,0.0,0.0,0.0,0.0,0,0,0,0,0,0,0,0,0,0,0,0,0,0,0,0,0,0,0,1,2,2,2,2,2,2,2,2,2,2,2,3,3
DESCARTADOS,#D_LA CAPITAL,#D_LA CAPITAL,3.4105263158,3.9789473684,4.1684210524,4.736842105,5.305263157399999,7.199999999999999,8.5263157892,9.852631579,11.178947368,12.126315789000001,18,29,38,45,64,77,80,118,143,164,201,213,246,268,277,301,348,353,361,390,411,419,441,464,490,497,519,530,546,571,603,623,624
DESCARTADOS,#D_LA CAPITAL,ANGEL GALLARDO,0.0,0.0,0.0,0.0,0.0,0.0,0.0,0.0,0.0,0.0,0,0,0,1,1,1,1,1,1,2,2,2,2,2,2,2,2,2,2,3,3,3,3,3,4,4,4,4,4,4,4,4,4
DESCARTADOS,#D_LA CAPITAL,ARROYO AGUIAR,0.0,0.0,0.0,0.0,0.0,0.0,0.0,0.0,0.0,0.0,0,0,0,0,0,0,0,0,1,1,1,1,1,1,1,1,1,1,1,1,1,1,1,1,1,1,1,1,1,1,1,1,1
DESCARTADOS,#D_LA CAPITAL,ARROYO LEYES,0.0,0.0,0.0,0.0,0.0,0.0,0.0,0.0,0.0,0.0,0,1,1,1,2,2,2,3,3,3,3,4,4,5,5,5,5,5,5,5,5,5,5,6,6,6,6,6,6,6,8,8,8
DESCARTADOS,#D_LA CAPITAL,LAGUNA PAIVA,0.0,0.0,0.0,0.0,0.0,0.0,0.0,0.0,0.0,0.0,0,0,0,0,0,0,0,1,1,1,1,1,1,1,2,2,2,2,2,2,2,2,2,2,3,3,3,3,3,3,3,5,5
DESCARTADOS,#D_LA CAPITAL,LLAMBI CAMPBELL,0.0,0.0,0.0,0.0,0.0,0.0,0.0,0.0,0.0,0.0,0,0,0,0,0,0,0,0,0,0,0,0,0,0,0,0,0,0,0,0,0,0,0,0,1,1,1,1,1,1,1,1,1
DESCARTADOS,#D_LA CAPITAL,MONTE VERA,0.0,0.0,0.0,0.0,0.0,0.0,0.0,0.0,0.0,0.0,0,1,1,1,1,1,1,3,3,3,3,3,4,4,4,4,5,5,6,6,6,6,7,7,7,7,7,7,7,7,7,7,7
DESCARTADOS,#D_LA CAPITAL,NELSON,0.0,0.0,0.0,0.0,0.0,0.0,0.0,0.0,0.0,0.0,0,0,0,0,0,0,0,0,0,0,0,0,0,0,0,0,1,1,1,1,1,1,1,1,1,1,2,2,2,2,2,3,3
DESCARTADOS,#D_LA CAPITAL,RECREO,0.37894736840000004,0.4421052632,0.46315789469999996,0.5263157895,0.5894736842,0.8,0.9473684211,1.094736842,1.242105263,1.3473684209999999,2,3,3,4,4,4,4,4,4,4,5,5,6,6,7,7,7,9,9,9,9,9,9,9,10,11,12,12,12,12,12,12,12
DESCARTADOS,#D_LA CAPITAL,RINCON POTRERO,0.0,0.0,0.0,0.0,0.0,0.0,0.0,0.0,0.0,0.0,0,0,0,0,0,0,0,0,0,0,0,0,0,0,0,0,1,1,1,1,1,1,1,1,1,1,1,1,1,1,1,1,1
DESCARTADOS,#D_LA CAPITAL,SAN JOSE DEL RINCON,0.0,0.0,0.0,0.0,0.0,0.0,0.0,0.0,0.0,0.0,0,0,1,1,1,1,1,2,3,3,3,3,3,3,3,3,4,4,4,6,6,7,7,9,9,9,9,9,9,9,9,9,9
DESCARTADOS,#D_LA CAPITAL,SANTA FE,2.652631579,3.094736842,3.242105263,3.684210526,4.1263157889999995,5.6,6.631578947,7.663157895,8.694736842000001,9.431578947,14,21,28,33,49,57,60,88,106,120,153,161,189,206,212,234,270,273,279,301,318,324,344,361,379,385,401,412,426,449,477,488,488
DESCARTADOS,#D_LA CAPITAL,SANTO TOME,0.37894736840000004,0.4421052632,0.46315789469999996,0.5263157895,0.5894736842,0.8,0.9473684211,1.094736842,1.242105263,1.3473684209999999,2,3,3,3,5,9,9,12,16,22,24,27,29,31,31,32,38,38,38,42,46,47,48,51,55,55,58,58,59,61,63,69,70
DESCARTADOS,#D_LA CAPITAL,SAUCE VIEJO,0.0,0.0,0.0,0.0,0.0,0.0,0.0,0.0,0.0,0.0,0,0,1,1,1,2,2,4,5,5,6,6,7,9,10,11,12,12,13,13,13,13,13,13,13,13,14,14,15,15,15,15,15
DESCARTADOS,#D_LAS COLONIAS,#D_LAS COLONIAS,0.37894736840000004,0.4421052632,0.46315789479999997,0.5263157894,0.5894736842,0.8,0.947368421,1.0947368422,1.2421052632,1.3473684209999999,2,2,2,2,7,10,10,12,14,17,17,20,25,25,26,26,31,32,33,33,34,34,35,36,37,37,45,45,46,46,46,48,49
DESCARTADOS,#D_LAS COLONIAS,ESPERANZA,0.18947368420000002,0.2210526316,0.23157894739999998,0.2631578947,0.2947368421,0.4,0.4736842105,0.5473684211,0.6210526316,0.6736842104999999,1,1,1,1,4,4,4,5,6,8,8,10,10,10,11,11,13,14,14,14,15,15,15,16,17,17,21,21,21,21,21,21,22
DESCARTADOS,#D_LAS COLONIAS,FRANCK,0.18947368420000002,0.2210526316,0.23157894739999998,0.2631578947,0.2947368421,0.4,0.4736842105,0.5473684211,0.6210526316,0.6736842104999999,1,1,1,1,1,3,3,3,4,4,4,4,4,4,4,4,4,4,4,4,4,4,5,5,5,5,7,7,7,7,7,7,7
DESCARTADOS,#D_LAS COLONIAS,HUMBOLDT,0.0,0.0,0.0,0.0,0.0,0.0,0.0,0.0,0.0,0.0,0,0,0,0,0,0,0,0,0,1,1,1,1,1,1,1,1,1,1,1,1,1,1,1,1,1,1,1,1,1,1,1,1
DESCARTADOS,#D_LAS COLONIAS,NUEVO TORINO,0.0,0.0,0.0,0.0,0.0,0.0,0.0,0.0,0.0,0.0,0,0,0,0,0,0,0,0,0,0,0,0,0,0,0,0,0,0,0,0,0,0,0,0,0,0,0,0,0,0,0,1,1
DESCARTADOS,#D_LAS COLONIAS,PILAR,0.0,0.0,0.0,0.0,0.0,0.0,0.0,0.0,0.0,0.0,0,0,0,0,0,0,0,0,0,0,0,1,1,1,1,1,1,1,1,1,1,1,1,1,1,1,1,1,1,1,1,1,1
DESCARTADOS,#D_LAS COLONIAS,SAN CARLOS CENTRO,0.0,0.0,0.0,0.0,0.0,0.0,0.0,0.0,0.0,0.0,0,0,0,0,2,3,3,4,4,4,4,4,6,6,6,6,7,7,7,7,7,7,7,7,7,7,7,7,8,8,8,9,9
DESCARTADOS,#D_LAS COLONIAS,SAN CARLOS SUD,0.0,0.0,0.0,0.0,0.0,0.0,0.0,0.0,0.0,0.0,0,0,0,0,0,0,0,0,0,0,0,0,0,0,0,0,0,0,0,0,0,0,0,0,0,0,0,0,0,0,0,0,0
DESCARTADOS,#D_LAS COLONIAS,SAN JERONIMO DEL SAUCE,0.0,0.0,0.0,0.0,0.0,0.0,0.0,0.0,0.0,0.0,0,0,0,0,0,0,0,0,0,0,0,0,0,0,0,0,0,0,0,0,0,0,0,0,0,0,1,1,1,1,1,1,1
DESCARTADOS,#D_LAS COLONIAS,SAN JERONIMO NORTE,0.0,0.0,0.0,0.0,0.0,0.0,0.0,0.0,0.0,0.0,0,0,0,0,0,0,0,0,0,0,0,0,1,1,1,1,2,2,2,2,2,2,2,2,2,2,2,2,2,2,2,2,2
DESCARTADOS,#D_LAS COLONIAS,SANTA CLARA DE BUENA VISTA,0.0,0.0,0.0,0.0,0.0,0.0,0.0,0.0,0.0,0.0,0,0,0,0,0,0,0,0,0,0,0,0,0,0,0,0,0,0,1,1,1,1,1,1,1,1,2,2,2,2,2,2,2
DESCARTADOS,#D_LAS COLONIAS,SANTO DOMINGO,0.0,0.0,0.0,0.0,0.0,0.0,0.0,0.0,0.0,0.0,0,0,0,0,0,0,0,0,0,0,0,0,0,0,0,0,1,1,1,1,1,1,1,1,1,1,1,1,1,1,1,1,1
DESCARTADOS,#D_LAS COLONIAS,SARMIENTO,0.0,0.0,0.0,0.0,0.0,0.0,0.0,0.0,0.0,0.0,0,0,0,0,0,0,0,0,0,0,0,0,2,2,2,2,2,2,2,2,2,2,2,2,2,2,2,2,2,2,2,2,2
DESCARTADOS,#D_ROSARIO,#D_ROSARIO,10.610526315400001,12.3789473712,12.9684210515,14.7368421032,16.5052631547,22.400000000000002,26.5263157938,30.6526315771,34.7789473706,37.72631579349999,56,66,88,124,149,170,210,249,264,330,401,453,512,575,637,780,819,939,982,1038,1112,1194,1256,1309,1380,1421,1500,1619,1723,1846,1939,2049,2129
DESCARTADOS,#D_ROSARIO,ACEBAL,0.0,0.0,0.0,0.0,0.0,0.0,0.0,0.0,0.0,0.0,0,0,0,0,0,0,0,0,0,0,0,0,0,0,0,0,0,0,0,0,0,0,0,0,0,0,1,1,2,2,2,2,2
DESCARTADOS,#D_ROSARIO,ALBARELLOS,0.0,0.0,0.0,0.0,0.0,0.0,0.0,0.0,0.0,0.0,0,0,0,0,0,0,0,0,0,0,0,0,0,0,0,0,0,0,0,0,0,0,0,0,0,0,0,0,1,1,1,1,1
DESCARTADOS,#D_ROSARIO,ALVAREZ,0.0,0.0,0.0,0.0,0.0,0.0,0.0,0.0,0.0,0.0,0,1,1,1,1,1,1,1,1,1,1,1,1,1,1,1,1,1,1,1,1,1,1,1,1,1,1,1,1,3,3,3,3
DESCARTADOS,#D_ROSARIO,ALVEAR,0.0,0.0,0.0,0.0,0.0,0.0,0.0,0.0,0.0,0.0,0,0,0,0,0,0,0,0,0,0,1,1,1,1,1,2,2,2,2,2,3,3,3,3,3,3,3,3,3,4,4,4,4
DESCARTADOS,#D_ROSARIO,ARROYO SECO,0.0,0.0,0.0,0.0,0.0,0.0,0.0,0.0,0.0,0.0,0,0,0,1,2,2,2,3,3,3,3,3,4,4,4,7,8,11,11,12,13,13,13,15,15,16,18,19,19,19,19,20,21
DESCARTADOS,#D_ROSARIO,CORONEL DOMINGUEZ,0.0,0.0,0.0,0.0,0.0,0.0,0.0,0.0,0.0,0.0,0,0,0,0,1,1,1,1,1,1,1,1,1,2,2,2,2,2,2,2,2,2,2,2,2,2,2,2,2,2,2,2,2
DESCARTADOS,#D_ROSARIO,FIGHIERA,0.0,0.0,0.0,0.0,0.0,0.0,0.0,0.0,0.0,0.0,0,0,0,0,0,0,0,0,0,0,0,0,0,1,1,1,1,1,1,1,2,2,2,2,2,2,2,3,3,3,3,3,3
DESCARTADOS,#D_ROSARIO,FUNES,0.18947368420000002,0.2210526316,0.23157894739999998,0.2631578947,0.2947368421,0.4,0.4736842105,0.5473684211,0.6210526316,0.6736842104999999,1,0,0,1,1,1,1,4,5,7,11,12,14,14,14,15,15,15,16,17,18,22,23,23,23,23,27,28,29,32,32,34,37
DESCARTADOS,#D_ROSARIO,GENERAL LAGOS,0.0,0.0,0.0,0.0,0.0,0.0,0.0,0.0,0.0,0.0,0,0,0,0,0,0,0,0,0,0,0,0,0,0,0,0,0,0,0,0,0,1,1,1,1,1,1,1,1,1,1,1,1
DESCARTADOS,#D_ROSARIO,GRANADERO BAIGORRIA,0.37894736840000004,0.4421052632,0.46315789469999996,0.5263157895,0.5894736842,0.8,0.9473684211,1.094736842,1.242105263,1.3473684209999999,2,3,3,4,4,4,5,5,5,6,8,8,11,16,17,21,22,24,27,28,35,37,38,39,41,41,40,45,46,49,50,50,50
DESCARTADOS,#D_ROSARIO,IBARLUCEA,0.0,0.0,0.0,0.0,0.0,0.0,0.0,0.0,0.0,0.0,0,0,0,0,0,0,1,1,1,1,2,2,2,2,2,2,2,2,2,2,2,2,2,2,3,3,3,4,4,5,5,5,6
DESCARTADOS,#D_ROSARIO,PEREZ,0.0,0.0,0.0,0.0,0.0,0.0,0.0,0.0,0.0,0.0,0,1,1,1,1,1,1,1,1,5,7,7,7,8,8,12,13,14,15,17,19,21,22,25,25,25,29,34,35,35,37,37,37
DESCARTADOS,#D_ROSARIO,PINERO,0.0,0.0,0.0,0.0,0.0,0.0,0.0,0.0,0.0,0.0,0,0,0,0,0,0,0,0,0,0,0,0,0,0,0,0,0,0,0,0,0,0,0,0,0,0,0,0,1,1,1,1,1
DESCARTADOS,#D_ROSARIO,PUEBLO ESTHER,0.37894736840000004,0.4421052632,0.46315789469999996,0.5263157895,0.5894736842,0.8,0.9473684211,1.094736842,1.242105263,1.3473684209999999,2,2,2,2,2,2,2,2,2,2,2,2,3,3,4,4,4,5,5,6,6,6,6,6,6,6,8,9,10,10,10,11,11
DESCARTADOS,#D_ROSARIO,ROSARIO,9.284210526,10.83157895,11.34736842,12.89473684,14.44210526,19.6,23.21052632,26.82105263,30.43157895,33.01052632,49,57,78,110,133,153,191,226,235,294,352,400,446,499,559,682,718,827,860,910,969,1034,1089,1133,1197,1236,1295,1396,1486,1596,1680,1782,1851
DESCARTADOS,#D_ROSARIO,SOLDINI,0.0,0.0,0.0,0.0,0.0,0.0,0.0,0.0,0.0,0.0,0,0,0,0,0,0,0,0,0,0,0,0,0,0,0,1,1,1,1,1,1,1,1,1,1,1,1,1,1,1,1,1,1
DESCARTADOS,#D_ROSARIO,VILLA GOBERNADOR GALVEZ,0.37894736840000004,0.4421052632,0.46315789469999996,0.5263157895,0.5894736842,0.8,0.9473684211,1.094736842,1.242105263,1.3473684209999999,2,2,3,4,4,5,5,5,10,10,13,16,22,24,24,30,30,0,0,0,0,0,0,0,0,0,0,0,0,0,0,0,0
DESCARTADOS,#D_ROSARIO,VILLA GOBERNADOR GALVEZ,0.0,0.0,0.0,0.0,0.0,0.0,0.0,0.0,0.0,0.0,0,0,0,0,0,0,0,0,0,0,0,0,0,0,0,0,0,34,39,39,41,48,52,55,59,60,68,71,78,81,87,91,97
DESCARTADOS,#D_ROSARIO,ZAVALLA,0.0,0.0,0.0,0.0,0.0,0.0,0.0,0.0,0.0,0.0,0,0,0,0,0,0,0,0,0,0,0,0,0,0,0,0,0,0,0,0,0,1,1,1,1,1,1,1,1,1,1,1,1
DESCARTADOS,#D_SAN CRISTOBAL,#D_SAN CRISTOBAL,0.0,0.0,0.0,0.0,0.0,0.0,0.0,0.0,0.0,0.0,0,0,1,1,2,3,3,3,3,4,4,9,9,9,9,10,11,12,13,14,16,16,17,17,20,20,20,20,20,20,22,23,23
DESCARTADOS,#D_SAN CRISTOBAL,ARRUFO,0.0,0.0,0.0,0.0,0.0,0.0,0.0,0.0,0.0,0.0,0,0,0,0,0,0,0,0,0,0,0,0,0,0,0,0,0,1,1,1,2,2,2,2,2,2,2,2,2,2,2,2,2
DESCARTADOS,#D_SAN CRISTOBAL,CERES,0.0,0.0,0.0,0.0,0.0,0.0,0.0,0.0,0.0,0.0,0,0,1,1,1,2,2,2,2,2,2,7,7,7,7,8,9,9,9,9,10,10,11,11,13,13,13,13,13,13,14,14,14
DESCARTADOS,#D_SAN CRISTOBAL,COLONIA ROSA,0.0,0.0,0.0,0.0,0.0,0.0,0.0,0.0,0.0,0.0,0,0,0,0,0,0,0,0,0,0,0,0,0,0,0,0,0,0,0,1,1,1,1,1,1,1,1,1,1,1,1,1,1
DESCARTADOS,#D_SAN CRISTOBAL,SAN CRISTOBAL,0.0,0.0,0.0,0.0,0.0,0.0,0.0,0.0,0.0,0.0,0,0,0,0,0,0,0,0,0,0,0,0,0,0,0,0,0,0,0,0,0,0,0,0,1,1,1,1,1,1,1,2,2
DESCARTADOS,#D_SAN CRISTOBAL,SAN GUILLERMO,0.0,0.0,0.0,0.0,0.0,0.0,0.0,0.0,0.0,0.0,0,0,0,0,0,0,0,0,0,0,0,0,0,0,0,0,0,0,1,1,1,1,1,1,1,1,1,1,1,1,2,2,2
DESCARTADOS,#D_SAN CRISTOBAL,SOLEDAD,0.0,0.0,0.0,0.0,0.0,0.0,0.0,0.0,0.0,0.0,0,0,0,0,0,0,0,0,0,0,0,0,0,0,0,0,0,0,0,0,0,0,0,0,0,0,0,0,0,0,0,0,0
DESCARTADOS,#D_SAN CRISTOBAL,SUARDI,0.0,0.0,0.0,0.0,0.0,0.0,0.0,0.0,0.0,0.0,0,0,0,0,1,1,1,1,1,2,2,2,2,2,2,2,2,2,2,2,2,2,2,2,2,2,2,2,2,2,2,2,2
DESCARTADOS,#D_SAN JAVIER,#D_SAN JAVIER,0.37894736840000004,0.4421052632,0.46315789469999996,0.5263157895,0.5894736842,0.8,0.9473684211,1.094736842,1.242105263,1.3473684209999999,2,2,2,2,2,2,2,3,3,3,4,4,4,4,4,4,4,4,4,4,4,4,5,6,6,6,6,6,7,7,7,7,7
DESCARTADOS,#D_SAN JAVIER,LA BRAVA,0.0,0.0,0.0,0.0,0.0,0.0,0.0,0.0,0.0,0.0,0,0,0,0,0,0,0,0,0,0,1,1,1,1,1,1,1,1,1,1,1,1,1,1,1,1,1,1,1,1,1,1,1
DESCARTADOS,#D_SAN JAVIER,ROMANG,0.0,0.0,0.0,0.0,0.0,0.0,0.0,0.0,0.0,0.0,0,0,0,0,0,0,0,0,0,0,0,0,0,0,0,0,0,0,0,0,0,0,0,1,1,1,1,1,1,1,1,1,1
DESCARTADOS,#D_SAN JAVIER,SAN JAVIER,0.37894736840000004,0.4421052632,0.46315789469999996,0.5263157895,0.5894736842,0.8,0.9473684211,1.094736842,1.242105263,1.3473684209999999,2,2,2,2,2,2,2,3,3,3,3,3,3,3,3,3,3,3,3,3,3,3,4,4,4,4,4,4,5,5,5,5,5
DESCARTADOS,#D_SAN JERONIMO,#D_SAN JERONIMO,0.0,0.0,0.0,0.0,0.0,0.0,0.0,0.0,0.0,0.0,0,1,4,6,7,9,9,11,11,14,18,20,21,26,26,26,28,28,28,30,32,34,36,41,42,43,44,44,45,47,49,49,49
DESCARTADOS,#D_SAN JERONIMO,AROCENA,0.0,0.0,0.0,0.0,0.0,0.0,0.0,0.0,0.0,0.0,0,0,0,0,1,2,2,2,2,3,3,3,3,3,3,3,3,3,3,3,3,3,3,4,4,4,4,4,4,4,4,4,4
DESCARTADOS,#D_SAN JERONIMO,BARRANCAS,0.0,0.0,0.0,0.0,0.0,0.0,0.0,0.0,0.0,0.0,0,0,0,0,0,0,0,0,0,0,0,1,1,1,1,1,1,1,1,1,1,1,2,2,2,2,3,3,3,3,3,3,3
DESCARTADOS,#D_SAN JERONIMO,BERNARDO DE IRIGOYEN,0.0,0.0,0.0,0.0,0.0,0.0,0.0,0.0,0.0,0.0,0,0,0,0,0,0,0,0,0,0,0,0,0,0,0,0,0,0,0,0,1,1,1,1,1,1,1,1,1,1,1,1,1
DESCARTADOS,#D_SAN JERONIMO,CORONDA,0.0,0.0,0.0,0.0,0.0,0.0,0.0,0.0,0.0,0.0,0,0,0,0,0,1,1,2,2,4,5,5,5,7,7,7,8,8,8,9,10,10,10,10,10,10,10,10,10,10,10,10,10
DESCARTADOS,#D_SAN JERONIMO,DESVIO ARIJON,0.0,0.0,0.0,0.0,0.0,0.0,0.0,0.0,0.0,0.0,0,0,0,0,0,0,0,1,1,1,1,1,1,1,1,1,1,1,1,1,1,1,1,1,1,1,1,1,1,1,1,1,1
DESCARTADOS,#D_SAN JERONIMO,ESTACION DIAZ,0.0,0.0,0.0,0.0,0.0,0.0,0.0,0.0,0.0,0.0,0,0,0,0,0,0,0,0,0,0,0,0,0,0,0,0,0,0,0,0,0,0,0,0,0,0,0,0,0,0,1,1,1
DESCARTADOS,#D_SAN JERONIMO,GABOTO,0.0,0.0,0.0,0.0,0.0,0.0,0.0,0.0,0.0,0.0,0,0,0,1,1,1,1,1,1,1,1,2,2,2,2,2,2,2,2,2,2,2,2,3,3,3,3,3,3,3,3,3,3
DESCARTADOS,#D_SAN JERONIMO,GALVEZ,0.0,0.0,0.0,0.0,0.0,0.0,0.0,0.0,0.0,0.0,0,1,4,4,4,3,3,3,3,3,5,5,6,8,8,8,8,8,8,9,9,10,10,13,14,15,15,15,16,16,16,16,16
DESCARTADOS,#D_SAN JERONIMO,GESSLER,0.0,0.0,0.0,0.0,0.0,0.0,0.0,0.0,0.0,0.0,0,0,0,0,0,0,0,0,0,0,0,0,0,0,0,0,0,0,0,0,0,0,0,0,0,0,0,0,0,0,0,0,0
DESCARTADOS,#D_SAN JERONIMO,IRIGOYEN,0.0,0.0,0.0,0.0,0.0,0.0,0.0,0.0,0.0,0.0,0,0,0,0,0,0,0,0,0,0,0,0,0,0,0,0,0,0,0,0,0,0,1,1,1,1,1,1,1,1,1,1,1
DESCARTADOS,#D_SAN JERONIMO,LOPEZ,0.0,0.0,0.0,0.0,0.0,0.0,0.0,0.0,0.0,0.0,0,0,0,0,0,0,0,0,0,0,1,1,1,1,1,1,2,2,2,2,2,2,2,2,2,2,2,2,2,2,2,2,2
DESCARTADOS,#D_SAN JERONIMO,MACIEL,0.0,0.0,0.0,0.0,0.0,0.0,0.0,0.0,0.0,0.0,0,0,0,0,0,1,1,1,1,1,1,1,1,1,1,1,1,1,1,1,1,2,2,2,2,2,2,2,2,2,2,2,2
DESCARTADOS,#D_SAN JERONIMO,MONJE,0.0,0.0,0.0,0.0,0.0,0.0,0.0,0.0,0.0,0.0,0,0,0,0,0,0,0,0,0,0,0,0,0,1,1,1,1,1,1,1,1,1,1,1,1,1,1,1,1,1,2,2,2
DESCARTADOS,#D_SAN JERONIMO,SAN GENARO,0.0,0.0,0.0,0.0,0.0,0.0,0.0,0.0,0.0,0.0,0,0,0,1,1,1,1,1,1,1,1,1,1,1,1,1,1,1,1,1,1,1,1,1,1,1,1,1,1,3,3,3,3
DESCARTADOS,#D_SAN JUSTO,#D_SAN JUSTO,0.0,0.0,0.0,0.0,0.0,0.0,0.0,0.0,0.0,0.0,0,0,0,1,1,2,2,2,2,2,4,4,5,5,5,5,6,6,6,6,6,6,6,6,8,8,8,8,8,8,8,9,10
DESCARTADOS,#D_SAN JUSTO,CAMPO LA PEPITA,0.0,0.0,0.0,0.0,0.0,0.0,0.0,0.0,0.0,0.0,0,0,0,0,0,0,0,0,0,0,0,0,0,0,0,0,0,0,0,0,0,0,0,0,0,0,0,0,0,0,0,0,0
DESCARTADOS,#D_SAN JUSTO,GOBERNADOR CRESPO,0.0,0.0,0.0,0.0,0.0,0.0,0.0,0.0,0.0,0.0,0,0,0,0,0,0,0,0,0,0,1,1,1,1,1,1,1,1,1,1,1,1,1,1,1,1,1,1,1,1,1,1,1
DESCARTADOS,#D_SAN JUSTO,LA CRIOLLA,0.0,0.0,0.0,0.0,0.0,0.0,0.0,0.0,0.0,0.0,0,0,0,0,0,0,0,0,0,0,1,1,1,1,1,1,1,1,1,1,1,1,1,1,1,1,1,1,1,1,1,1,1
DESCARTADOS,#D_SAN JUSTO,SAN JUSTO,0.0,0.0,0.0,0.0,0.0,0.0,0.0,0.0,0.0,0.0,0,0,0,1,1,2,2,2,2,2,2,2,3,3,3,3,4,4,4,4,4,4,4,4,5,5,5,5,5,5,5,6,7
DESCARTADOS,#D_SAN JUSTO,VIDELA,0.0,0.0,0.0,0.0,0.0,0.0,0.0,0.0,0.0,0.0,0,0,0,0,0,0,0,0,0,0,0,0,0,0,0,0,0,0,0,0,0,0,0,0,1,1,1,1,1,1,1,1,1
DESCARTADOS,#D_SAN LORENZO,#D_SAN LORENZO,0.7578947368000001,0.8842105264,0.9263157894999999,1.0526315789,1.1789473684,1.6,1.8947368421,2.1894736841999998,2.4842105262,2.6947368419999997,4,4,5,6,8,8,11,11,18,21,33,38,42,49,51,65,68,75,77,81,85,91,93,104,107,109,114,126,129,140,149,153,158
DESCARTADOS,#D_SAN LORENZO,CAPITAN BERMUDEZ,0.18947368420000002,0.2210526316,0.23157894739999998,0.2631578947,0.2947368421,0.4,0.4736842105,0.5473684211,0.6210526316,0.6736842104999999,1,1,1,1,1,1,1,1,1,3,4,4,5,7,7,9,10,11,12,12,12,13,14,16,16,17,17,18,20,22,26,27,27
DESCARTADOS,#D_SAN LORENZO,CARCARANA,0.0,0.0,0.0,0.0,0.0,0.0,0.0,0.0,0.0,0.0,0,0,0,0,1,1,1,1,2,2,3,4,4,4,5,6,7,7,7,7,7,7,7,7,7,8,9,9,9,10,10,10,10
DESCARTADOS,#D_SAN LORENZO,FRAY LUIS BELTRAN,0.0,0.0,0.0,0.0,0.0,0.0,0.0,0.0,0.0,0.0,0,0,0,0,0,0,0,0,0,0,3,3,3,5,5,5,5,5,5,7,7,7,7,8,8,8,9,13,13,14,15,15,18
DESCARTADOS,#D_SAN LORENZO,FUENTES,0.0,0.0,0.0,0.0,0.0,0.0,0.0,0.0,0.0,0.0,0,0,0,0,0,0,0,0,0,0,0,0,0,0,0,0,0,0,0,0,1,1,1,1,2,2,2,2,2,2,2,2,2
DESCARTADOS,#D_SAN LORENZO,LUIS PALACIOS,0.0,0.0,0.0,0.0,0.0,0.0,0.0,0.0,0.0,0.0,0,0,0,0,0,0,1,1,1,1,1,1,1,1,1,1,1,1,1,1,1,1,1,1,1,1,1,1,1,1,1,1,1
DESCARTADOS,#D_SAN LORENZO,PUERTO SAN MARTIN,0.0,0.0,0.0,0.0,0.0,0.0,0.0,0.0,0.0,0.0,0,0,1,1,1,1,2,2,2,2,2,3,3,3,3,7,7,7,8,8,8,8,8,10,10,10,10,12,12,13,13,13,14
DESCARTADOS,#D_SAN LORENZO,PUJATO,0.0,0.0,0.0,0.0,0.0,0.0,0.0,0.0,0.0,0.0,0,0,0,0,0,0,0,0,2,2,2,2,2,2,2,2,2,2,2,2,2,2,2,4,4,4,4,4,4,4,4,4,4
DESCARTADOS,#D_SAN LORENZO,RICARDONE,0.0,0.0,0.0,0.0,0.0,0.0,0.0,0.0,0.0,0.0,0,0,0,0,0,0,0,0,1,1,1,1,1,1,1,2,2,2,2,2,2,2,2,2,3,3,3,3,3,3,3,4,4
DESCARTADOS,#D_SAN LORENZO,ROLDAN,0.0,0.0,0.0,0.0,0.0,0.0,0.0,0.0,0.0,0.0,0,0,0,0,1,1,2,2,3,3,7,7,7,7,7,8,9,11,11,11,12,14,14,16,16,16,17,17,17,21,23,24,24
DESCARTADOS,#D_SAN LORENZO,SAN JERONIMO SUR,0.0,0.0,0.0,0.0,0.0,0.0,0.0,0.0,0.0,0.0,0,0,0,0,0,0,0,0,0,0,0,1,2,2,2,2,2,2,2,3,3,3,3,3,3,3,3,3,3,3,3,3,3
DESCARTADOS,#D_SAN LORENZO,SAN LORENZO,0.37894736840000004,0.4421052632,0.46315789469999996,0.5263157895,0.5894736842,0.8,0.9473684211,1.094736842,1.242105263,1.3473684209999999,2,2,2,3,3,3,3,3,4,5,8,9,11,14,15,19,19,23,23,24,26,28,29,30,31,31,33,38,39,41,43,44,45
DESCARTADOS,#D_SAN LORENZO,TIMBUES,0.18947368420000002,0.2210526316,0.23157894739999998,0.2631578947,0.2947368421,0.4,0.4736842105,0.5473684211,0.6210526316,0.6736842104999999,1,0,0,0,0,0,0,0,1,1,1,2,2,2,2,2,2,2,2,2,2,3,3,3,3,3,3,3,3,3,3,3,3
DESCARTADOS,#D_SAN LORENZO,VILLA MUGUETA,0.0,0.0,0.0,0.0,0.0,0.0,0.0,0.0,0.0,0.0,0,1,1,1,1,1,1,1,1,1,1,1,1,1,1,2,2,2,2,2,2,2,2,3,3,3,3,3,3,3,3,3,3
DESCARTADOS,#D_SAN MARTIN,#D_SAN MARTIN,0.18947368420000002,0.2210526316,0.23157894739999998,0.2631578947,0.2947368421,0.4,0.4736842105,0.5473684211,0.6210526316,0.6736842104999999,1,1,3,3,3,3,3,4,3,4,5,5,6,6,6,6,6,8,9,10,10,11,11,11,11,11,12,13,13,14,16,17,18
DESCARTADOS,#D_SAN MARTIN,CARLOS PELLEGRINI,0.0,0.0,0.0,0.0,0.0,0.0,0.0,0.0,0.0,0.0,0,0,1,1,1,1,1,1,1,1,1,1,1,1,1,1,1,1,1,1,1,1,1,1,1,1,1,2,2,2,2,2,2
DESCARTADOS,#D_SAN MARTIN,EL TREBOL,0.0,0.0,0.0,0.0,0.0,0.0,0.0,0.0,0.0,0.0,0,0,0,0,0,0,0,0,0,0,0,0,0,0,0,0,0,0,1,1,1,1,1,1,1,1,2,2,2,2,2,2,2
DESCARTADOS,#D_SAN MARTIN,MARIA SUSANA,0.0,0.0,0.0,0.0,0.0,0.0,0.0,0.0,0.0,0.0,0,0,0,0,0,0,0,0,0,0,0,0,0,0,0,0,0,1,1,1,1,1,1,1,1,1,1,1,1,1,3,3,3
DESCARTADOS,#D_SAN MARTIN,PIAMONTE,0.0,0.0,0.0,0.0,0.0,0.0,0.0,0.0,0.0,0.0,0,0,0,0,0,0,0,0,0,0,0,0,0,0,0,0,0,0,0,0,0,0,0,0,0,0,0,0,0,0,0,0,1
DESCARTADOS,#D_SAN MARTIN,SAN JORGE,0.0,0.0,0.0,0.0,0.0,0.0,0.0,0.0,0.0,0.0,0,0,1,1,1,1,1,2,1,2,3,3,4,4,4,4,4,5,5,5,5,6,6,6,6,6,6,6,6,7,7,8,8
DESCARTADOS,#D_SAN MARTIN,SASTRE,0.18947368420000002,0.2210526316,0.23157894739999998,0.2631578947,0.2947368421,0.4,0.4736842105,0.5473684211,0.6210526316,0.6736842104999999,1,1,1,1,1,1,1,1,1,1,1,1,1,1,1,1,1,1,1,2,2,2,2,2,2,2,2,2,2,2,2,2,2
DESCARTADOS,#D_VERA,#D_VERA,0.0,0.0,0.0,0.0,0.0,0.0,0.0,0.0,0.0,0.0,0,0,0,0,0,1,1,1,1,2,3,3,6,7,9,9,9,11,11,19,19,19,19,19,20,20,22,22,22,22,22,22,22
DESCARTADOS,#D_VERA,CALCHAQUI,0.0,0.0,0.0,0.0,0.0,0.0,0.0,0.0,0.0,0.0,0,0,0,0,0,1,1,1,1,1,1,1,2,2,3,3,3,3,3,3,3,3,3,3,3,3,3,3,3,3,3,3,3
DESCARTADOS,#D_VERA,MARGARITA,0.0,0.0,0.0,0.0,0.0,0.0,0.0,0.0,0.0,0.0,0,0,0,0,0,0,0,0,0,0,0,0,0,1,1,1,1,1,1,1,1,1,1,1,2,2,3,3,3,3,3,3,3
DESCARTADOS,#D_VERA,VERA,0.0,0.0,0.0,0.0,0.0,0.0,0.0,0.0,0.0,0.0,0,0,0,0,0,0,0,0,0,1,2,2,4,4,5,5,5,7,7,15,15,15,15,15,15,15,16,16,16,16,16,16,16
SOSPECHOSOS,##TOTAL,##TOTAL,6.0,10.0,14.0,20.0,42.0,39.0,43.0,56.0,54.0,89.0,70,72,89,105,87,69,132,116,141,155,136,150,79,150,217,155,172,129,171,125,126,147,134,150,138,180,157,162,141,131,136,132,201
SOSPECHOSOS,#D_9 DE JULIO,#D_9 DE JULIO,0.0,0.0,0.0,0.0,0.0,0.0,0.0,0.0,0.0,0.0,0,0,0,0,0,1,1,0,0,0,0,0,0,0,0,0,2,2,0,1,1,1,0,0,0,0,0,0,0,1,0,1,2
SOSPECHOSOS,#D_9 DE JULIO,MONTEFIORE,0.0,0.0,0.0,0.0,0.0,0.0,0.0,0.0,0.0,0.0,0,0,0,0,0,0,0,0,0,0,0,0,0,0,0,0,0,0,0,0,0,0,0,0,0,0,0,0,0,1,0,0,0
SOSPECHOSOS,#D_9 DE JULIO,TOSTADO,0.0,0.0,0.0,0.0,0.0,0.0,0.0,0.0,0.0,0.0,0,0,0,0,0,1,1,0,0,0,0,0,0,0,0,0,2,2,0,1,1,1,0,0,0,0,0,0,0,0,0,0,0
SOSPECHOSOS,#D_9 DE JULIO,VILLA MINETTI,0.0,0.0,0.0,0.0,0.0,0.0,0.0,0.0,0.0,0.0,0,0,0,0,0,0,0,0,0,0,0,0,0,0,0,0,0,0,0,0,0,0,0,0,0,0,0,0,0,0,0,1,2
SOSPECHOSOS,#D_BELGRANO,#D_BELGRANO,0.0,0.0,0.0,0.0,0.0,1.0,1.0,1.0,1.0,1.0,1,1,0,0,0,0,0,0,0,0,0,0,0,0,0,1,1,0,0,1,0,0,0,2,0,2,3,2,1,0,0,0,1
SOSPECHOSOS,#D_BELGRANO,ARMSTRONG,0.0,0.0,0.0,0.0,0.0,1.0,1.0,0.0,0.0,0.0,0,0,0,0,0,0,0,0,0,0,0,0,0,0,0,0,0,0,0,0,0,0,0,1,0,1,1,0,0,0,0,0,0
SOSPECHOSOS,#D_BELGRANO,BOUQUET,0.0,0.0,0.0,0.0,0.0,0.0,0.0,0.0,0.0,0.0,0,0,0,0,0,0,0,0,0,0,0,0,0,0,0,0,0,0,0,1,0,0,0,0,0,0,0,0,0,0,0,0,0
SOSPECHOSOS,#D_BELGRANO,LAS PAREJAS,0.0,0.0,0.0,0.0,0.0,0.0,0.0,1.0,1.0,1.0,1,1,0,0,0,0,0,0,0,0,0,0,0,0,0,1,1,0,0,0,0,0,0,0,0,1,0,0,0,0,0,0,1
SOSPECHOSOS,#D_BELGRANO,LAS ROSAS,0.0,0.0,0.0,0.0,0.0,0.0,0.0,0.0,0.0,0.0,0,0,0,0,0,0,0,0,0,0,0,0,0,0,0,0,0,0,0,0,0,0,0,1,0,0,0,2,1,0,0,0,0
SOSPECHOSOS,#D_BELGRANO,MONTES DE OCA,0.0,0.0,0.0,0.0,0.0,0.0,0.0,0.0,0.0,0.0,0,0,0,0,0,0,0,0,0,0,0,0,0,0,0,0,0,0,0,0,0,0,0,0,0,0,2,0,0,0,0,0,0
SOSPECHOSOS,#D_CASEROS,#D_CASEROS,0.0,0.0,0.0,0.0,0.0,0.0,0.0,0.0,0.0,0.0,1,0,1,4,4,3,3,2,2,3,1,4,6,6,8,4,4,3,2,3,1,3,3,1,4,4,1,1,4,1,3,2,4
SOSPECHOSOS,#D_CASEROS,ARTEAGA,0.0,0.0,0.0,0.0,0.0,0.0,0.0,0.0,0.0,0.0,0,0,0,0,0,0,0,0,0,0,0,0,0,0,0,0,0,0,0,0,0,0,0,0,1,0,0,0,0,0,0,0,0
SOSPECHOSOS,#D_CASEROS,BERABEVU,0.0,0.0,0.0,0.0,0.0,0.0,0.0,0.0,0.0,0.0,0,0,0,0,0,0,0,0,0,0,0,0,0,0,0,0,0,0,0,0,0,0,0,0,0,0,0,0,0,0,0,0,0
SOSPECHOSOS,#D_CASEROS,BIGAND,0.0,0.0,0.0,0.0,0.0,0.0,0.0,0.0,0.0,0.0,0,0,0,0,0,0,1,0,0,0,0,0,0,0,0,0,0,0,0,0,0,1,0,0,0,1,0,0,2,0,1,0,1
SOSPECHOSOS,#D_CASEROS,CASILDA,0.0,0.0,0.0,0.0,0.0,0.0,0.0,0.0,0.0,0.0,1,0,1,3,3,2,2,1,2,2,1,4,6,6,8,4,4,3,2,3,1,1,3,1,2,3,1,1,1,1,2,2,3
SOSPECHOSOS,#D_CASEROS,CHABAS,0.0,0.0,0.0,0.0,0.0,0.0,0.0,0.0,0.0,0.0,0,0,0,1,1,0,0,0,0,0,0,0,0,0,0,0,0,0,0,0,0,0,0,0,0,0,0,0,0,0,0,0,0
SOSPECHOSOS,#D_CASEROS,CHANAR LADEADO,0.0,0.0,0.0,0.0,0.0,0.0,0.0,0.0,0.0,0.0,0,0,0,0,0,0,0,0,0,0,0,0,0,0,0,0,0,0,0,0,0,0,0,0,0,0,0,0,0,0,0,0,0
SOSPECHOSOS,#D_CASEROS,LOS MOLINOS,0.0,0.0,0.0,0.0,0.0,0.0,0.0,0.0,0.0,0.0,0,0,0,0,0,0,0,0,0,0,0,0,0,0,0,0,0,0,0,0,0,0,0,0,0,0,0,0,1,0,0,0,0
SOSPECHOSOS,#D_CASEROS,LOS QUIRQUINCHOS,0.0,0.0,0.0,0.0,0.0,0.0,0.0,0.0,0.0,0.0,0,0,0,0,0,1,0,0,0,0,0,0,0,0,0,0,0,0,0,0,0,0,0,0,0,0,0,0,0,0,0,0,0
SOSPECHOSOS,#D_CASEROS,SAN JOSE DE LA ESQUINA,0.0,0.0,0.0,0.0,0.0,0.0,0.0,0.0,0.0,0.0,0,0,0,0,0,0,0,1,0,1,0,0,0,0,0,0,0,0,0,0,0,1,0,0,1,0,0,0,0,0,0,0,0
SOSPECHOSOS,#D_CASEROS,SANFORD,0.0,0.0,0.0,0.0,0.0,0.0,0.0,0.0,0.0,0.0,0,0,0,0,0,0,0,0,0,0,0,0,0,0,0,0,0,0,0,0,0,0,0,0,0,0,0,0,0,0,0,0,0
SOSPECHOSOS,#D_CASTELLANOS,#D_CASTELLANOS,0.0,0.0,0.0,1.0,6.0,5.0,5.0,5.0,5.0,5.0,2,1,11,12,6,6,14,17,22,11,8,11,9,16,12,12,12,7,5,4,5,9,13,17,9,11,12,13,7,6,9,5,8
SOSPECHOSOS,#D_CASTELLANOS,FRONTERA,0.0,0.0,0.0,0.0,0.0,0.0,0.0,0.0,0.0,0.0,0,0,0,0,0,0,0,0,0,0,0,0,0,0,1,0,0,0,0,0,0,0,0,0,0,4,4,0,0,0,1,0,0
SOSPECHOSOS,#D_CASTELLANOS,HUMBERTO PRIMO,0.0,0.0,0.0,0.0,0.0,0.0,0.0,0.0,0.0,0.0,0,0,0,0,0,0,0,0,0,0,0,0,0,0,1,0,0,0,0,0,0,0,0,0,0,0,0,0,0,0,0,0,0
SOSPECHOSOS,#D_CASTELLANOS,JOSEFINA,0.0,0.0,0.0,0.0,1.0,1.0,1.0,1.0,1.0,1.0,0,0,0,0,0,0,0,0,0,0,0,0,0,0,0,0,0,0,0,0,0,0,0,0,0,0,0,0,0,0,0,0,0
SOSPECHOSOS,#D_CASTELLANOS,LEHMANN,0.0,0.0,0.0,0.0,0.0,0.0,0.0,0.0,0.0,0.0,0,0,0,0,0,0,0,0,0,0,0,0,0,0,0,0,0,0,0,0,0,0,1,1,0,0,0,0,0,0,0,0,0
SOSPECHOSOS,#D_CASTELLANOS,MARIA JUANA,0.0,0.0,0.0,0.0,0.0,0.0,0.0,0.0,0.0,0.0,0,0,0,0,0,0,0,0,0,0,0,0,0,0,0,1,0,0,0,0,0,0,0,0,0,0,0,0,0,1,0,0,0
SOSPECHOSOS,#D_CASTELLANOS,PRESIDENTE ROCA,0.0,0.0,0.0,0.0,0.0,0.0,0.0,0.0,0.0,0.0,0,0,0,0,0,0,0,0,0,0,0,0,0,0,0,0,0,0,0,0,0,0,1,1,0,0,0,0,0,0,0,0,0
SOSPECHOSOS,#D_CASTELLANOS,RAFAELA,0.0,0.0,0.0,1.0,4.0,3.0,3.0,3.0,3.0,3.0,2,1,9,10,5,5,13,16,22,10,8,11,9,16,10,11,12,7,5,4,4,7,9,14,7,5,8,13,7,5,8,5,7
SOSPECHOSOS,#D_CASTELLANOS,RAMONA,0.0,0.0,0.0,0.0,0.0,0.0,0.0,0.0,0.0,0.0,0,0,0,0,0,0,0,0,0,0,0,0,0,0,0,0,0,0,0,0,0,1,1,1,0,0,0,0,0,0,0,0,0
SOSPECHOSOS,#D_CASTELLANOS,SAN VICENTE,0.0,0.0,0.0,0.0,0.0,0.0,0.0,0.0,0.0,0.0,0,0,0,0,0,0,0,0,0,0,0,0,0,0,0,0,0,0,0,0,0,0,0,0,2,2,0,0,0,0,0,0,0
SOSPECHOSOS,#D_CASTELLANOS,SUNCHALES,0.0,0.0,0.0,0.0,0.0,0.0,0.0,0.0,0.0,0.0,0,0,1,1,1,1,1,1,0,1,0,0,0,0,0,0,0,0,0,0,0,0,0,0,0,0,0,0,0,0,0,0,1
SOSPECHOSOS,#D_CASTELLANOS,SUSANA,0.0,0.0,0.0,0.0,0.0,0.0,0.0,0.0,0.0,0.0,0,0,0,0,0,0,0,0,0,0,0,0,0,0,0,0,0,0,0,0,1,1,1,0,0,0,0,0,0,0,0,0,0
SOSPECHOSOS,#D_CASTELLANOS,TACURAL,0.0,0.0,0.0,0.0,1.0,1.0,1.0,1.0,1.0,1.0,0,0,1,1,0,0,0,0,0,0,0,0,0,0,0,0,0,0,0,0,0,0,0,0,0,0,0,0,0,0,0,0,0
SOSPECHOSOS,#D_CONSTITUCION,#D_CONSTITUCION,0.0,0.0,0.0,0.0,1.0,0.0,0.0,0.0,0.0,1.0,2,1,1,0,0,1,0,0,0,0,0,2,0,1,1,2,0,1,0,1,1,0,2,0,3,2,2,1,0,1,0,0,0
SOSPECHOSOS,#D_CONSTITUCION,ALCORTA,0.0,0.0,0.0,0.0,0.0,0.0,0.0,0.0,0.0,0.0,0,0,0,0,0,0,0,0,0,0,0,0,0,0,0,0,0,1,0,0,0,0,0,0,0,0,0,0,0,0,0,0,0
SOSPECHOSOS,#D_CONSTITUCION,BOMBAL,0.0,0.0,0.0,0.0,0.0,0.0,0.0,0.0,0.0,0.0,0,0,0,0,0,0,0,0,0,0,0,0,0,0,0,0,0,0,0,1,0,0,1,0,0,0,0,0,0,0,0,0,0
SOSPECHOSOS,#D_CONSTITUCION,EMPALME VILLA CONSTITUCION,0.0,0.0,0.0,0.0,0.0,0.0,0.0,0.0,0.0,0.0,0,0,0,0,0,0,0,0,0,0,0,0,0,0,0,0,0,0,0,0,0,0,0,0,1,0,0,0,0,0,0,0,0
SOSPECHOSOS,#D_CONSTITUCION,GODOY,0.0,0.0,0.0,0.0,0.0,0.0,0.0,0.0,0.0,0.0,0,0,0,0,0,0,0,0,0,0,0,0,0,0,0,0,0,0,0,0,0,0,0,0,1,0,0,0,0,0,0,0,0
SOSPECHOSOS,#D_CONSTITUCION,JUAN B. MOLINA,0.0,0.0,0.0,0.0,0.0,0.0,0.0,0.0,0.0,0.0,0,0,0,0,0,0,0,0,0,0,0,0,0,0,0,0,0,0,0,0,0,0,0,0,0,0,0,0,0,0,0,0,0
SOSPECHOSOS,#D_CONSTITUCION,JUNCAL,0.0,0.0,0.0,0.0,0.0,0.0,0.0,0.0,0.0,0.0,0,0,0,0,0,0,0,0,0,0,0,0,0,0,0,0,0,0,0,0,0,0,0,0,0,1,0,0,0,0,0,0,0
SOSPECHOSOS,#D_CONSTITUCION,LA VANGUARDIA,0.0,0.0,0.0,0.0,0.0,0.0,0.0,0.0,0.0,0.0,0,0,0,0,0,0,0,0,0,0,0,0,0,0,0,0,0,0,0,0,0,0,0,0,0,0,0,0,0,0,0,0,0
SOSPECHOSOS,#D_CONSTITUCION,MAXIMO PAZ,0.0,0.0,0.0,0.0,0.0,0.0,0.0,0.0,0.0,0.0,0,0,0,0,0,0,0,0,0,0,0,0,0,0,0,0,0,0,0,0,0,0,0,0,1,0,0,0,0,0,0,0,0
SOSPECHOSOS,#D_CONSTITUCION,PAVON ARRIBA,0.0,0.0,0.0,0.0,0.0,0.0,0.0,0.0,0.0,0.0,0,0,0,0,0,0,0,0,0,0,0,0,0,0,0,0,0,0,0,0,0,0,0,0,0,0,0,0,0,0,0,0,0
SOSPECHOSOS,#D_CONSTITUCION,SARGENTO CABRAL,0.0,0.0,0.0,0.0,0.0,0.0,0.0,0.0,0.0,0.0,0,0,0,0,0,0,0,0,0,0,0,0,0,0,0,0,0,0,0,0,0,0,0,0,0,1,0,0,0,0,0,0,0
SOSPECHOSOS,#D_CONSTITUCION,VILLA CONSTITUCION,0.0,0.0,0.0,0.0,1.0,0.0,0.0,0.0,0.0,1.0,2,1,1,0,0,1,0,0,0,0,0,2,0,1,1,2,0,0,0,0,1,0,1,0,0,0,2,1,0,1,0,0,0
SOSPECHOSOS,#D_GARAY,#D_GARAY,0.0,0.0,0.0,0.0,0.0,0.0,1.0,1.0,1.0,0.0,1,5,5,5,3,4,4,2,1,1,2,2,1,1,1,1,1,1,1,1,2,3,2,5,2,1,1,2,2,2,3,1,1
SOSPECHOSOS,#D_GARAY,CAYASTA,0.0,0.0,0.0,0.0,0.0,0.0,0.0,0.0,0.0,0.0,0,0,1,1,0,0,0,1,0,0,0,0,0,0,0,0,0,0,0,0,1,1,0,2,0,0,0,0,0,0,0,0,0
SOSPECHOSOS,#D_GARAY,HELVECIA,0.0,0.0,0.0,0.0,0.0,0.0,1.0,1.0,1.0,0.0,1,5,4,4,3,4,4,1,1,1,2,2,1,1,1,1,1,1,1,1,1,2,2,2,1,1,1,1,1,2,2,1,1
SOSPECHOSOS,#D_GARAY,SANTA ROSA,0.0,0.0,0.0,0.0,0.0,0.0,0.0,0.0,0.0,0.0,0,0,0,0,0,0,0,0,0,0,0,0,0,0,0,0,0,0,0,0,0,0,0,1,1,0,0,1,1,0,1,0,0
SOSPECHOSOS,#D_GENERAL LOPEZ,#D_GENERAL LOPEZ,0.0,0.0,0.0,1.0,2.0,2.0,1.0,3.0,3.0,3.0,5,4,4,1,1,2,2,0,0,0,0,3,1,1,7,10,5,5,7,4,5,4,6,9,5,7,10,6,4,5,17,7,16
SOSPECHOSOS,#D_GENERAL LOPEZ,CAFERATA,0.0,0.0,0.0,0.0,0.0,0.0,0.0,0.0,0.0,0.0,0,0,0,0,0,0,0,0,0,0,0,0,0,0,0,0,0,0,0,0,0,0,0,0,0,0,0,0,0,0,0,0,0
SOSPECHOSOS,#D_GENERAL LOPEZ,CANADA DEL UCLE,0.0,0.0,0.0,0.0,0.0,0.0,0.0,0.0,0.0,0.0,0,0,0,0,0,0,0,0,0,0,0,1,0,0,0,0,0,0,0,0,0,0,0,0,0,0,0,0,0,0,0,0,0
SOSPECHOSOS,#D_GENERAL LOPEZ,CARMEN,0.0,0.0,0.0,0.0,0.0,0.0,0.0,1.0,1.0,1.0,1,1,1,0,0,0,0,0,0,0,0,0,0,0,0,0,0,0,0,0,0,0,0,0,0,0,0,0,0,0,0,0,0
SOSPECHOSOS,#D_GENERAL LOPEZ,CARRERAS,0.0,0.0,0.0,0.0,0.0,0.0,0.0,0.0,0.0,0.0,0,1,0,0,0,0,0,0,0,0,0,0,0,0,0,0,0,0,1,0,0,0,0,0,0,0,0,0,0,0,0,0,0
SOSPECHOSOS,#D_GENERAL LOPEZ,CHOVET,0.0,0.0,0.0,0.0,0.0,0.0,0.0,0.0,0.0,0.0,0,0,0,0,0,0,0,0,0,0,0,0,0,0,0,0,0,0,0,0,0,0,0,0,0,0,0,0,0,0,0,0,0
SOSPECHOSOS,#D_GENERAL LOPEZ,DIEGO DE ALVEAR,0.0,0.0,0.0,0.0,0.0,0.0,0.0,0.0,0.0,0.0,0,0,0,0,0,0,0,0,0,0,0,0,0,0,0,0,0,0,0,0,1,0,0,0,0,0,0,0,0,0,0,0,0
SOSPECHOSOS,#D_GENERAL LOPEZ,ELORTONDO,0.0,0.0,0.0,0.0,0.0,0.0,0.0,0.0,0.0,0.0,0,0,0,0,0,0,0,0,0,0,0,1,1,1,1,3,1,0,0,0,0,0,1,1,1,0,0,0,0,0,0,0,0
SOSPECHOSOS,#D_GENERAL LOPEZ,FIRMAT,0.0,0.0,0.0,0.0,1.0,1.0,1.0,1.0,1.0,1.0,1,1,1,0,0,1,1,0,0,0,0,0,0,0,0,0,0,0,2,0,0,0,0,2,0,2,1,0,0,0,0,0,0
SOSPECHOSOS,#D_GENERAL LOPEZ,HUGHES,0.0,0.0,0.0,0.0,0.0,0.0,0.0,0.0,0.0,0.0,0,0,0,0,0,0,0,0,0,0,0,0,0,0,0,0,0,0,0,0,0,0,0,0,0,0,0,0,0,0,0,0,1
SOSPECHOSOS,#D_GENERAL LOPEZ,MARIA TERESA,0.0,0.0,0.0,0.0,0.0,0.0,0.0,0.0,0.0,0.0,0,0,0,0,0,0,0,0,0,0,0,0,0,0,0,0,0,0,0,0,0,0,0,0,0,0,0,0,0,0,0,0,0
SOSPECHOSOS,#D_GENERAL LOPEZ,MELINCUE,0.0,0.0,0.0,0.0,0.0,0.0,0.0,0.0,0.0,0.0,0,0,0,0,0,0,0,0,0,0,0,0,0,0,0,0,0,0,0,0,0,0,0,0,0,0,0,0,0,0,0,0,0
SOSPECHOSOS,#D_GENERAL LOPEZ,MURPHY,0.0,0.0,0.0,0.0,0.0,0.0,0.0,0.0,0.0,0.0,0,0,0,0,0,0,0,0,0,0,0,0,0,0,0,0,0,0,0,0,0,0,0,0,0,0,0,0,0,0,1,0,0
SOSPECHOSOS,#D_GENERAL LOPEZ,RUFINO,0.0,0.0,0.0,0.0,0.0,0.0,0.0,0.0,0.0,0.0,1,0,0,0,0,0,0,0,0,0,0,0,0,0,1,0,0,0,0,0,0,0,0,0,0,0,2,2,0,0,0,0,1
SOSPECHOSOS,#D_GENERAL LOPEZ,SAN EDUARDO,0.0,0.0,0.0,0.0,0.0,0.0,0.0,0.0,0.0,0.0,0,0,0,0,0,0,0,0,0,0,0,0,0,0,0,0,0,0,0,0,0,0,0,0,0,0,0,0,0,0,0,0,4
SOSPECHOSOS,#D_GENERAL LOPEZ,SAN FRANCISCO DE SANTA FE,0.0,0.0,0.0,0.0,0.0,0.0,0.0,0.0,0.0,0.0,0,0,0,0,0,0,0,0,0,0,0,0,0,0,0,0,0,0,0,0,0,0,0,0,0,0,0,0,0,0,0,0,0
SOSPECHOSOS,#D_GENERAL LOPEZ,SAN GREGORIO,0.0,0.0,0.0,0.0,0.0,0.0,0.0,0.0,0.0,0.0,0,0,0,0,0,0,0,0,0,0,0,0,0,0,0,0,0,0,0,0,0,0,0,0,0,0,0,0,0,0,0,0,0
SOSPECHOSOS,#D_GENERAL LOPEZ,SANCTI SPIRITU,0.0,0.0,0.0,0.0,0.0,0.0,0.0,0.0,0.0,0.0,0,0,0,0,0,0,0,0,0,0,0,0,0,0,0,0,0,0,0,0,0,0,0,0,0,0,0,0,0,0,1,0,0
SOSPECHOSOS,#D_GENERAL LOPEZ,SANTA ISABEL,0.0,0.0,0.0,0.0,0.0,0.0,0.0,0.0,0.0,0.0,0,0,0,0,0,0,0,0,0,0,0,0,0,0,1,1,1,1,1,1,1,1,1,1,1,1,1,1,1,1,1,1,1
SOSPECHOSOS,#D_GENERAL LOPEZ,TEODELINA,0.0,0.0,0.0,0.0,0.0,0.0,0.0,0.0,0.0,0.0,0,0,0,0,0,0,0,0,0,0,0,0,0,0,0,0,0,0,0,0,0,0,0,0,0,0,0,0,0,0,0,0,0
SOSPECHOSOS,#D_GENERAL LOPEZ,VENADO TUERTO,0.0,0.0,0.0,1.0,1.0,1.0,0.0,1.0,1.0,1.0,2,1,2,1,1,1,1,0,0,0,0,1,0,0,4,6,3,4,3,3,3,3,4,5,3,4,6,3,3,4,14,6,9
SOSPECHOSOS,#D_GENERAL LOPEZ,VILLA CANAS,0.0,0.0,0.0,0.0,0.0,0.0,0.0,0.0,0.0,0.0,0,0,0,0,0,0,0,0,0,0,0,0,0,0,0,0,0,0,0,0,0,0,0,0,0,0,0,0,0,0,0,0,0
SOSPECHOSOS,#D_GENERAL LOPEZ,WHEELWRIGHT,0.0,0.0,0.0,0.0,0.0,0.0,0.0,0.0,0.0,0.0,0,0,0,0,0,0,0,0,0,0,0,0,0,0,0,0,0,0,0,0,0,0,0,0,0,0,0,0,0,0,0,0,0
SOSPECHOSOS,#D_GENERAL OBLIGADO,#D_GENERAL OBLIGADO,0.0,0.0,0.0,0.0,0.0,0.0,1.0,1.0,1.0,1.0,0,4,5,10,7,2,5,2,7,7,5,4,4,9,8,2,2,2,2,2,3,5,2,2,1,1,2,3,4,3,9,2,2
SOSPECHOSOS,#D_GENERAL OBLIGADO,AVELLANEDA,0.0,0.0,0.0,0.0,0.0,0.0,0.0,0.0,0.0,0.0,0,1,1,1,0,0,0,1,3,3,2,2,2,4,4,0,0,0,0,0,0,1,0,0,0,0,0,1,1,0,2,0,0
SOSPECHOSOS,#D_GENERAL OBLIGADO,EL RABON,0.0,0.0,0.0,0.0,0.0,0.0,0.0,0.0,0.0,0.0,0,0,0,0,0,1,0,0,0,0,0,0,0,0,0,0,0,0,0,0,0,0,0,0,0,0,0,0,0,0,0,0,0
SOSPECHOSOS,#D_GENERAL OBLIGADO,FLORENCIA,0.0,0.0,0.0,0.0,0.0,0.0,1.0,1.0,1.0,1.0,0,0,0,0,0,0,0,0,0,0,0,0,0,0,0,0,1,1,0,0,0,0,0,0,0,0,0,0,0,0,0,0,0
SOSPECHOSOS,#D_GENERAL OBLIGADO,LANTERI,0.0,0.0,0.0,0.0,0.0,0.0,0.0,0.0,0.0,0.0,0,0,0,0,0,0,0,0,0,0,0,0,0,0,0,0,0,0,0,0,0,0,0,0,0,0,0,0,0,0,0,0,0
SOSPECHOSOS,#D_GENERAL OBLIGADO,LAS TOSCAS,0.0,0.0,0.0,0.0,0.0,0.0,0.0,0.0,0.0,0.0,0,0,0,0,1,0,0,0,0,0,0,0,0,1,0,0,0,0,0,0,0,0,0,0,0,0,0,0,0,0,0,0,0
SOSPECHOSOS,#D_GENERAL OBLIGADO,MALABRIGO,0.0,0.0,0.0,0.0,0.0,0.0,0.0,0.0,0.0,0.0,0,0,0,0,0,0,0,0,1,1,0,0,0,1,1,0,0,0,0,0,0,0,0,0,0,0,0,0,0,0,0,0,0
SOSPECHOSOS,#D_GENERAL OBLIGADO,PUERTO RECONQUISTA,0.0,0.0,0.0,0.0,0.0,0.0,0.0,0.0,0.0,0.0,0,0,0,1,1,0,0,0,0,0,0,0,0,0,0,0,0,0,0,0,0,0,0,0,0,0,0,0,0,0,0,0,0
SOSPECHOSOS,#D_GENERAL OBLIGADO,RECONQUISTA,0.0,0.0,0.0,0.0,0.0,0.0,0.0,0.0,0.0,0.0,0,3,4,8,5,1,5,1,3,3,3,2,2,3,3,1,1,1,2,2,3,4,2,2,1,1,2,2,3,2,6,2,2
SOSPECHOSOS,#D_GENERAL OBLIGADO,SAN ANTONIO DE OBLIGADO,0.0,0.0,0.0,0.0,0.0,0.0,0.0,0.0,0.0,0.0,0,0,0,0,0,0,0,0,0,0,0,0,0,0,0,0,0,0,0,0,0,0,0,0,0,0,0,0,0,0,0,0,0
SOSPECHOSOS,#D_GENERAL OBLIGADO,VILLA ANA,0.0,0.0,0.0,0.0,0.0,0.0,0.0,0.0,0.0,0.0,0,0,0,0,0,0,0,0,0,0,0,0,0,0,0,0,0,0,0,0,0,0,0,0,0,0,0,0,0,1,1,0,0
SOSPECHOSOS,#D_GENERAL OBLIGADO,VILLA OCAMPO,0.0,0.0,0.0,0.0,0.0,0.0,0.0,0.0,0.0,0.0,0,0,0,0,0,0,0,0,0,0,0,0,0,0,0,1,0,0,0,0,0,0,0,0,0,0,0,0,0,0,0,0,0
SOSPECHOSOS,#D_IRIONDO,#D_IRIONDO,0.0,0.0,0.0,0.0,0.0,0.0,0.0,0.0,0.0,0.0,0,0,0,2,0,1,1,0,0,0,1,0,0,2,5,0,0,0,1,3,0,1,0,0,3,1,1,1,1,0,0,1,1
SOSPECHOSOS,#D_IRIONDO,ANDINO,0.0,0.0,0.0,0.0,0.0,0.0,0.0,0.0,0.0,0.0,0,0,0,0,0,0,1,0,0,0,0,0,0,0,0,0,0,0,0,0,0,0,0,0,0,0,0,0,0,0,0,0,0
SOSPECHOSOS,#D_IRIONDO,CANADA DE GOMEZ,0.0,0.0,0.0,0.0,0.0,0.0,0.0,0.0,0.0,0.0,0,0,0,1,0,0,0,0,0,0,0,0,0,0,2,0,0,0,0,2,0,1,0,0,2,0,0,0,0,0,0,1,1
SOSPECHOSOS,#D_IRIONDO,CARRIZALES,0.0,0.0,0.0,0.0,0.0,0.0,0.0,0.0,0.0,0.0,0,0,0,0,0,0,0,0,0,0,1,0,0,0,0,0,0,0,0,0,0,0,0,0,0,0,0,0,0,0,0,0,0
SOSPECHOSOS,#D_IRIONDO,CLASON,0.0,0.0,0.0,0.0,0.0,0.0,0.0,0.0,0.0,0.0,0,0,0,0,0,0,0,0,0,0,0,0,0,0,1,0,0,0,0,0,0,0,0,0,0,0,0,0,0,0,0,0,0
SOSPECHOSOS,#D_IRIONDO,CORREA,0.0,0.0,0.0,0.0,0.0,0.0,0.0,0.0,0.0,0.0,0,0,0,0,0,0,0,0,0,0,0,0,0,0,0,0,0,0,0,0,0,0,0,0,1,0,0,0,0,0,0,0,0
SOSPECHOSOS,#D_IRIONDO,OLIVEROS,0.0,0.0,0.0,0.0,0.0,0.0,0.0,0.0,0.0,0.0,0,0,0,0,0,1,0,0,0,0,0,0,0,1,1,0,0,0,0,0,0,0,0,0,0,1,1,0,1,0,0,0,0
SOSPECHOSOS,#D_IRIONDO,SALTO GRANDE,0.0,0.0,0.0,0.0,0.0,0.0,0.0,0.0,0.0,0.0,0,0,0,0,0,0,0,0,0,0,0,0,0,1,1,0,0,0,0,0,0,0,0,0,0,0,0,0,0,0,0,0,0
SOSPECHOSOS,#D_IRIONDO,SERODINO,0.0,0.0,0.0,0.0,0.0,0.0,0.0,0.0,0.0,0.0,0,0,0,1,0,0,0,0,0,0,0,0,0,0,0,0,0,0,0,0,0,0,0,0,0,0,0,1,0,0,0,0,0
SOSPECHOSOS,#D_IRIONDO,TOTORAS,0.0,0.0,0.0,0.0,0.0,0.0,0.0,0.0,0.0,0.0,0,0,0,0,0,0,0,0,0,0,0,0,0,0,0,0,0,0,1,1,0,0,0,0,0,0,0,0,0,0,0,0,0
SOSPECHOSOS,#D_LA CAPITAL,#D_LA CAPITAL,1.0,1.0,3.0,6.0,8.0,10.0,12.0,12.0,13.0,31.0,26,15,22,23,20,8,56,36,26,32,28,41,13,23,37,39,24,41,69,42,44,53,49,41,31,43,22,49,47,55,35,31,44
SOSPECHOSOS,#D_LA CAPITAL,ANGEL GALLARDO,0.0,0.0,0.0,0.0,0.0,0.0,0.0,0.0,0.0,0.0,0,1,1,0,0,0,1,1,1,0,0,0,0,0,0,0,0,1,1,0,0,0,0,0,0,0,0,0,0,0,0,0,0
SOSPECHOSOS,#D_LA CAPITAL,ARROYO AGUIAR,0.0,0.0,0.0,0.0,0.0,0.0,0.0,0.0,0.0,0.0,0,0,0,0,0,0,1,1,0,0,0,0,0,0,0,0,0,0,0,0,0,0,0,0,0,0,0,0,0,0,0,0,0
SOSPECHOSOS,#D_LA CAPITAL,ARROYO LEYES,0.0,0.0,0.0,0.0,0.0,0.0,0.0,0.0,0.0,1.0,1,0,1,1,0,0,0,0,0,0,1,0,0,0,0,0,0,0,1,1,1,1,1,0,0,0,0,0,0,1,0,0,0
SOSPECHOSOS,#D_LA CAPITAL,LAGUNA PAIVA,0.0,0.0,0.0,0.0,0.0,0.0,0.0,0.0,0.0,0.0,0,0,0,0,0,0,0,0,0,0,0,0,0,1,0,0,0,0,0,0,0,0,1,1,0,0,0,0,0,1,2,0,0
SOSPECHOSOS,#D_LA CAPITAL,LLAMBI CAMPBELL,0.0,0.0,0.0,0.0,0.0,0.0,0.0,0.0,0.0,0.0,0,0,0,0,0,0,0,0,0,0,0,3,0,0,0,0,0,0,0,0,0,0,0,1,0,0,0,0,0,0,0,0,0
SOSPECHOSOS,#D_LA CAPITAL,MONTE VERA,0.0,0.0,0.0,0.0,0.0,0.0,0.0,0.0,0.0,0.0,1,0,0,0,0,0,1,0,0,0,0,1,1,1,1,1,1,1,0,1,1,1,0,0,0,0,0,0,0,0,0,0,0
SOSPECHOSOS,#D_LA CAPITAL,NELSON,0.0,0.0,0.0,0.0,0.0,0.0,0.0,0.0,0.0,0.0,0,0,0,0,0,0,0,0,0,0,0,0,0,0,0,1,0,0,0,0,0,0,0,0,0,1,0,0,0,1,1,0,0
SOSPECHOSOS,#D_LA CAPITAL,RECREO,0.0,0.0,1.0,1.0,1.0,1.0,0.0,0.0,0.0,0.0,0,1,1,0,0,0,0,0,1,1,0,1,0,0,0,1,2,0,0,0,0,0,1,1,1,1,0,0,0,0,0,1,1
SOSPECHOSOS,#D_LA CAPITAL,RINCON POTRERO,0.0,0.0,0.0,0.0,0.0,0.0,0.0,0.0,0.0,0.0,0,0,0,0,0,0,0,0,0,0,0,0,0,0,0,0,0,0,0,0,0,0,0,0,0,0,0,0,0,0,0,0,0
SOSPECHOSOS,#D_LA CAPITAL,SAN JOSE DEL RINCON,0.0,0.0,0.0,0.0,0.0,0.0,0.0,0.0,0.0,0.0,0,2,0,0,0,0,2,1,1,1,1,1,1,1,1,2,1,3,3,1,3,2,2,1,1,1,1,1,1,1,1,1,1
SOSPECHOSOS,#D_LA CAPITAL,SANTA FE,1.0,1.0,2.0,5.0,7.0,9.0,12.0,12.0,13.0,25.0,20,10,16,19,15,8,40,26,18,28,23,33,11,19,33,32,20,34,57,36,38,46,38,33,28,36,20,45,44,48,25,27,38
SOSPECHOSOS,#D_LA CAPITAL,SANTO TOME,0.0,0.0,0.0,0.0,0.0,0.0,0.0,0.0,0.0,4.0,3,0,3,3,4,0,8,6,5,2,3,2,0,0,1,2,0,2,7,3,1,3,6,4,1,3,1,2,2,3,6,1,3
SOSPECHOSOS,#D_LA CAPITAL,SAUCE VIEJO,0.0,0.0,0.0,0.0,0.0,0.0,0.0,0.0,0.0,1.0,1,1,0,0,1,0,3,1,0,0,0,0,0,1,1,0,0,0,0,0,0,0,0,0,0,1,0,1,0,0,0,1,1
SOSPECHOSOS,#D_LAS COLONIAS,#D_LAS COLONIAS,0.0,0.0,0.0,0.0,0.0,1.0,2.0,2.0,2.0,2.0,1,3,3,8,4,2,5,6,4,3,4,6,1,2,2,4,1,1,1,1,1,2,2,4,8,8,0,1,0,0,3,1,1
SOSPECHOSOS,#D_LAS COLONIAS,ESPERANZA,0.0,0.0,0.0,0.0,0.0,1.0,2.0,2.0,2.0,1.0,0,1,2,3,1,2,2,4,3,2,3,1,1,2,2,3,1,0,1,1,0,1,2,3,4,4,0,0,0,0,1,1,1
SOSPECHOSOS,#D_LAS COLONIAS,FRANCK,0.0,0.0,0.0,0.0,0.0,0.0,0.0,0.0,0.0,0.0,0,1,0,2,2,0,1,1,0,0,0,0,0,0,0,0,0,0,0,0,1,1,0,0,2,2,0,0,0,0,0,0,0
SOSPECHOSOS,#D_LAS COLONIAS,HUMBOLDT,0.0,0.0,0.0,0.0,0.0,0.0,0.0,0.0,0.0,1.0,1,1,0,0,0,0,0,1,1,0,0,0,0,0,0,0,0,0,0,0,0,0,0,0,0,0,0,0,0,0,0,0,0
SOSPECHOSOS,#D_LAS COLONIAS,NUEVO TORINO,0.0,0.0,0.0,0.0,0.0,0.0,0.0,0.0,0.0,0.0,0,0,0,0,0,0,0,0,0,0,0,0,0,0,0,0,0,0,0,0,0,0,0,0,0,0,0,0,0,0,1,0,0
SOSPECHOSOS,#D_LAS COLONIAS,PILAR,0.0,0.0,0.0,0.0,0.0,0.0,0.0,0.0,0.0,0.0,0,0,0,0,0,0,0,0,0,1,1,0,0,0,0,0,0,0,0,0,0,0,0,0,0,0,0,0,0,0,0,0,0
SOSPECHOSOS,#D_LAS COLONIAS,SAN CARLOS CENTRO,0.0,0.0,0.0,0.0,0.0,0.0,0.0,0.0,0.0,0.0,0,0,1,3,1,0,1,0,0,0,0,2,0,0,0,0,0,0,0,0,0,0,0,0,0,0,0,1,0,0,1,0,0
SOSPECHOSOS,#D_LAS COLONIAS,SAN CARLOS SUD,0.0,0.0,0.0,0.0,0.0,0.0,0.0,0.0,0.0,0.0,0,0,0,0,0,0,1,0,0,0,0,0,0,0,0,0,0,0,0,0,0,0,0,0,0,0,0,0,0,0,0,0,0
SOSPECHOSOS,#D_LAS COLONIAS,SAN JERONIMO DEL SAUCE,0.0,0.0,0.0,0.0,0.0,0.0,0.0,0.0,0.0,0.0,0,0,0,0,0,0,0,0,0,0,0,0,0,0,0,0,0,0,0,0,0,0,0,1,1,1,0,0,0,0,0,0,0
SOSPECHOSOS,#D_LAS COLONIAS,SAN JERONIMO NORTE,0.0,0.0,0.0,0.0,0.0,0.0,0.0,0.0,0.0,0.0,0,0,0,0,0,0,0,0,0,0,0,1,0,0,0,0,0,0,0,0,0,0,0,0,0,0,0,0,0,0,0,0,0
SOSPECHOSOS,#D_LAS COLONIAS,SANTA CLARA DE BUENA VISTA,0.0,0.0,0.0,0.0,0.0,0.0,0.0,0.0,0.0,0.0,0,0,0,0,0,0,0,0,0,0,0,0,0,0,0,0,0,1,0,0,0,0,0,0,1,1,0,0,0,0,0,0,0
SOSPECHOSOS,#D_LAS COLONIAS,SANTO DOMINGO,0.0,0.0,0.0,0.0,0.0,0.0,0.0,0.0,0.0,0.0,0,0,0,0,0,0,0,0,0,0,0,0,0,0,0,1,0,0,0,0,0,0,0,0,0,0,0,0,0,0,0,0,0
SOSPECHOSOS,#D_LAS COLONIAS,SARMIENTO,0.0,0.0,0.0,0.0,0.0,0.0,0.0,0.0,0.0,0.0,0,0,0,0,0,0,0,0,0,0,0,2,0,0,0,0,0,0,0,0,0,0,0,0,0,0,0,0,0,0,0,0,0
SOSPECHOSOS,#D_ROSARIO,#D_ROSARIO,5.0,9.0,11.0,12.0,23.0,17.0,16.0,26.0,23.0,36.0,21,24,22,23,24,28,29,35,61,70,69,59,31,78,113,61,102,53,62,48,47,49,37,55,60,82,90,69,59,39,47,73,107
SOSPECHOSOS,#D_ROSARIO,ACEBAL,0.0,0.0,0.0,0.0,0.0,0.0,0.0,0.0,0.0,0.0,0,0,0,0,0,0,0,0,0,0,0,0,0,0,0,0,0,0,0,0,0,0,0,0,0,0,0,0,0,0,0,0,0
SOSPECHOSOS,#D_ROSARIO,ALBARELLOS,0.0,0.0,0.0,0.0,0.0,0.0,0.0,0.0,0.0,0.0,0,0,0,0,0,0,0,0,0,0,0,0,0,0,0,0,0,0,0,0,0,0,0,0,0,0,0,0,0,0,0,0,0
SOSPECHOSOS,#D_ROSARIO,ALVAREZ,0.0,0.0,0.0,0.0,0.0,0.0,0.0,0.0,0.0,0.0,0,0,0,0,0,0,0,0,0,0,0,0,0,0,0,0,0,0,0,0,0,0,0,0,0,0,0,0,2,0,0,0,0
SOSPECHOSOS,#D_ROSARIO,ALVEAR,0.0,0.0,0.0,0.0,0.0,0.0,0.0,0.0,0.0,0.0,0,0,0,0,0,0,0,0,0,1,1,1,1,1,1,0,0,0,0,1,0,0,0,0,0,0,0,0,1,0,0,0,0
SOSPECHOSOS,#D_ROSARIO,ARROYO SECO,0.0,0.0,0.0,0.0,0.0,0.0,0.0,0.0,0.0,0.0,0,0,0,0,0,0,1,0,0,0,0,1,0,0,0,1,1,0,0,0,0,0,0,0,1,1,1,0,0,0,0,0,1
SOSPECHOSOS,#D_ROSARIO,CORONEL DOMINGUEZ,0.0,0.0,0.0,0.0,0.0,0.0,0.0,0.0,0.0,0.0,0,0,0,1,0,0,0,0,0,0,0,0,1,0,0,0,0,0,0,0,0,0,0,0,0,0,0,0,0,0,0,0,0
SOSPECHOSOS,#D_ROSARIO,FIGHIERA,0.0,0.0,0.0,0.0,0.0,0.0,0.0,0.0,0.0,0.0,0,0,0,0,0,0,0,0,0,0,0,0,0,0,0,0,0,0,0,0,0,0,0,0,0,0,0,0,0,0,0,0,0
SOSPECHOSOS,#D_ROSARIO,FUNES,0.0,0.0,0.0,0.0,0.0,0.0,0.0,0.0,0.0,1.0,1,0,2,1,1,1,1,1,1,2,2,2,1,1,1,1,2,2,2,1,2,2,1,1,1,3,1,1,2,1,1,4,2
SOSPECHOSOS,#D_ROSARIO,GENERAL LAGOS,0.0,0.0,0.0,0.0,0.0,0.0,0.0,0.0,0.0,0.0,0,0,0,0,0,0,0,0,0,0,0,0,0,0,0,0,0,0,0,0,1,0,0,0,0,0,0,0,0,0,0,1,1
SOSPECHOSOS,#D_ROSARIO,GRANADERO BAIGORRIA,0.0,0.0,0.0,0.0,0.0,0.0,0.0,0.0,0.0,2.0,0,0,1,0,0,0,1,1,1,3,2,3,3,5,7,4,4,3,4,5,2,1,0,1,0,0,3,1,2,2,0,0,1
SOSPECHOSOS,#D_ROSARIO,IBARLUCEA,0.0,0.0,0.0,0.0,0.0,0.0,0.0,0.0,0.0,0.0,0,0,0,0,0,0,0,0,0,0,0,0,0,0,0,0,0,0,0,0,0,0,0,0,0,1,1,0,0,0,0,0,0
SOSPECHOSOS,#D_ROSARIO,PEREZ,0.0,0.0,0.0,0.0,0.0,0.0,0.0,0.0,0.0,0.0,0,0,0,0,0,0,0,1,4,1,0,1,2,1,2,2,2,3,3,2,1,1,2,1,1,3,2,1,1,3,1,1,2
SOSPECHOSOS,#D_ROSARIO,PINERO,0.0,0.0,0.0,0.0,0.0,0.0,0.0,0.0,0.0,0.0,0,0,0,0,0,0,0,0,0,0,0,0,0,0,0,0,0,0,0,0,0,0,0,0,0,0,0,0,0,0,0,0,0
SOSPECHOSOS,#D_ROSARIO,PUEBLO ESTHER,0.0,0.0,0.0,0.0,0.0,0.0,0.0,0.0,0.0,0.0,0,0,0,0,0,0,0,0,0,0,1,1,0,1,0,0,0,0,0,0,0,0,0,0,0,1,0,0,0,0,0,0,0
SOSPECHOSOS,#D_ROSARIO,ROSARIO,5.0,9.0,11.0,12.0,22.0,15.0,14.0,25.0,23.0,33.0,20,23,18,19,21,26,25,27,54,60,57,45,21,66,97,49,88,40,51,36,33,40,32,50,53,64,78,60,48,26,41,60,95
SOSPECHOSOS,#D_ROSARIO,SOLDINI,0.0,0.0,0.0,0.0,0.0,0.0,0.0,0.0,0.0,0.0,0,0,0,0,0,0,0,0,0,0,0,0,0,0,1,0,0,0,0,0,0,0,0,0,0,0,0,0,0,0,0,0,0
SOSPECHOSOS,#D_ROSARIO,VILLA GOBERNADOR GALVEZ,0.0,0.0,0.0,0.0,1.0,2.0,2.0,1.0,0.0,0.0,0,1,1,2,2,1,1,5,1,3,6,5,2,3,4,4,5,0,0,0,0,0,0,0,0,0,0,0,0,0,0,0,0
SOSPECHOSOS,#D_ROSARIO,VILLA GOBERNADOR GALVEZ,0.0,0.0,0.0,0.0,0.0,0.0,0.0,0.0,0.0,0.0,0,0,0,0,0,0,0,0,0,0,0,0,0,0,0,0,0,5,2,3,8,5,2,2,4,9,4,6,3,7,4,7,5
SOSPECHOSOS,#D_ROSARIO,ZAVALLA,0.0,0.0,0.0,0.0,0.0,0.0,0.0,0.0,0.0,0.0,0,0,0,0,0,0,0,0,0,0,0,0,0,0,0,0,0,0,0,0,0,0,0,0,0,0,0,0,0,0,0,0,0
SOSPECHOSOS,#D_SAN CRISTOBAL,#D_SAN CRISTOBAL,0.0,0.0,0.0,0.0,0.0,0.0,0.0,0.0,0.0,0.0,1,1,1,1,1,0,0,0,0,4,5,0,0,0,1,2,1,2,2,1,2,2,1,1,0,0,0,0,0,3,1,0,1
SOSPECHOSOS,#D_SAN CRISTOBAL,ARRUFO,0.0,0.0,0.0,0.0,0.0,0.0,0.0,0.0,0.0,0.0,0,0,0,0,0,0,0,0,0,0,0,0,0,0,0,1,1,0,0,0,0,0,0,0,0,0,0,0,0,0,0,0,0
SOSPECHOSOS,#D_SAN CRISTOBAL,CERES,0.0,0.0,0.0,0.0,0.0,0.0,0.0,0.0,0.0,0.0,1,1,0,0,1,0,0,0,0,4,5,0,0,0,1,1,0,1,1,1,1,2,1,1,0,0,0,0,0,1,0,0,0
SOSPECHOSOS,#D_SAN CRISTOBAL,COLONIA ROSA,0.0,0.0,0.0,0.0,0.0,0.0,0.0,0.0,0.0,0.0,0,0,0,0,0,0,0,0,0,0,0,0,0,0,0,0,0,0,1,0,0,0,0,0,0,0,0,0,0,0,0,0,0
SOSPECHOSOS,#D_SAN CRISTOBAL,SAN CRISTOBAL,0.0,0.0,0.0,0.0,0.0,0.0,0.0,0.0,0.0,0.0,0,0,0,0,0,0,0,0,0,0,0,0,0,0,0,0,0,0,0,0,0,0,0,0,0,0,0,0,0,1,1,0,0
SOSPECHOSOS,#D_SAN CRISTOBAL,SAN GUILLERMO,0.0,0.0,0.0,0.0,0.0,0.0,0.0,0.0,0.0,0.0,0,0,0,0,0,0,0,0,0,0,0,0,0,0,0,0,0,1,0,0,0,0,0,0,0,0,0,0,0,1,0,0,1
SOSPECHOSOS,#D_SAN CRISTOBAL,SOLEDAD,0.0,0.0,0.0,0.0,0.0,0.0,0.0,0.0,0.0,0.0,0,0,0,0,0,0,0,0,0,0,0,0,0,0,0,0,0,0,0,0,1,0,0,0,0,0,0,0,0,0,0,0,0
SOSPECHOSOS,#D_SAN CRISTOBAL,SUARDI,0.0,0.0,0.0,0.0,0.0,0.0,0.0,0.0,0.0,0.0,0,0,1,1,0,0,0,0,0,0,0,0,0,0,0,0,0,0,0,0,0,0,0,0,0,0,0,0,0,0,0,0,0
SOSPECHOSOS,#D_SAN JAVIER,#D_SAN JAVIER,0.0,0.0,0.0,0.0,0.0,0.0,0.0,0.0,0.0,1.0,1,0,0,0,0,0,1,0,1,1,0,0,0,0,0,0,0,0,0,0,0,2,1,0,0,0,0,1,0,0,0,0,2
SOSPECHOSOS,#D_SAN JAVIER,LA BRAVA,0.0,0.0,0.0,0.0,0.0,0.0,0.0,0.0,0.0,0.0,0,0,0,0,0,0,0,0,1,1,0,0,0,0,0,0,0,0,0,0,0,0,0,0,0,0,0,0,0,0,0,0,0
SOSPECHOSOS,#D_SAN JAVIER,ROMANG,0.0,0.0,0.0,0.0,0.0,0.0,0.0,0.0,0.0,0.0,0,0,0,0,0,0,0,0,0,0,0,0,0,0,0,0,0,0,0,0,0,1,1,0,0,0,0,0,0,0,0,0,0
SOSPECHOSOS,#D_SAN JAVIER,SAN JAVIER,0.0,0.0,0.0,0.0,0.0,0.0,0.0,0.0,0.0,1.0,1,0,0,0,0,0,1,0,0,0,0,0,0,0,0,0,0,0,0,0,0,1,0,0,0,0,0,1,0,0,0,0,2
SOSPECHOSOS,#D_SAN JERONIMO,#D_SAN JERONIMO,0.0,0.0,0.0,0.0,0.0,0.0,1.0,3.0,3.0,3.0,6,4,6,7,8,3,3,3,3,5,2,2,2,1,3,4,2,3,5,4,5,6,5,1,3,2,1,4,4,2,1,1,1
SOSPECHOSOS,#D_SAN JERONIMO,AROCENA,0.0,0.0,0.0,0.0,0.0,0.0,0.0,0.0,0.0,0.0,0,0,2,2,1,0,0,0,0,0,0,0,0,0,0,0,0,0,0,0,0,1,1,0,0,0,0,0,0,0,0,0,0
SOSPECHOSOS,#D_SAN JERONIMO,BARRANCAS,0.0,0.0,0.0,0.0,0.0,0.0,0.0,0.0,0.0,0.0,0,0,0,0,0,0,0,0,0,1,1,0,0,0,0,0,0,0,0,0,1,1,0,0,1,1,0,0,0,0,0,0,0
SOSPECHOSOS,#D_SAN JERONIMO,BERNARDO DE IRIGOYEN,0.0,0.0,0.0,0.0,0.0,0.0,0.0,0.0,0.0,0.0,0,0,0,0,0,0,0,0,0,0,0,0,0,0,0,0,0,0,1,1,0,0,0,0,0,0,0,0,0,0,0,0,0
SOSPECHOSOS,#D_SAN JERONIMO,CORONDA,0.0,0.0,0.0,0.0,0.0,0.0,0.0,0.0,0.0,0.0,0,0,0,1,2,1,1,0,0,0,0,0,0,0,0,0,0,1,2,1,0,0,0,0,0,0,0,0,0,0,0,0,0
SOSPECHOSOS,#D_SAN JERONIMO,DESVIO ARIJON,0.0,0.0,0.0,0.0,0.0,0.0,0.0,0.0,0.0,0.0,0,0,0,0,1,1,1,0,0,0,0,0,0,0,0,0,0,0,0,0,0,0,0,0,0,0,0,0,0,0,0,0,0
SOSPECHOSOS,#D_SAN JERONIMO,ESTACION DIAZ,0.0,0.0,0.0,0.0,0.0,0.0,0.0,0.0,0.0,0.0,0,0,0,0,0,0,0,0,0,0,0,0,0,0,0,0,0,0,0,0,0,0,0,0,0,0,0,0,0,0,0,0,0
SOSPECHOSOS,#D_SAN JERONIMO,GABOTO,0.0,0.0,0.0,0.0,0.0,0.0,0.0,0.0,0.0,0.0,0,0,0,0,0,0,0,0,0,0,0,0,0,0,0,0,0,0,0,0,0,0,0,0,0,0,0,0,0,0,0,0,0
SOSPECHOSOS,#D_SAN JERONIMO,GALVEZ,0.0,0.0,0.0,0.0,0.0,0.0,1.0,2.0,2.0,2.0,5,3,2,2,2,0,0,1,1,2,0,1,1,0,2,2,1,1,1,1,1,2,3,0,1,0,0,1,0,0,0,0,0
SOSPECHOSOS,#D_SAN JERONIMO,GESSLER,0.0,0.0,0.0,0.0,0.0,0.0,0.0,0.0,0.0,0.0,0,0,0,1,1,1,1,1,1,1,1,1,1,1,1,1,1,1,1,1,1,1,1,1,1,1,1,1,1,1,1,1,1
SOSPECHOSOS,#D_SAN JERONIMO,IRIGOYEN,0.0,0.0,0.0,0.0,0.0,0.0,0.0,0.0,0.0,0.0,0,0,0,0,0,0,0,0,0,0,0,0,0,0,0,0,0,0,0,0,1,1,0,0,0,0,0,0,0,0,0,0,0
SOSPECHOSOS,#D_SAN JERONIMO,LOPEZ,0.0,0.0,0.0,0.0,0.0,0.0,0.0,0.0,0.0,0.0,0,0,0,0,0,0,0,1,1,1,0,0,0,0,0,1,0,0,0,0,0,0,0,0,0,0,0,0,0,0,0,0,0
SOSPECHOSOS,#D_SAN JERONIMO,MACIEL,0.0,0.0,0.0,0.0,0.0,0.0,0.0,0.0,0.0,0.0,0,0,1,1,1,0,0,0,0,0,0,0,0,0,0,0,0,0,0,0,1,0,0,0,0,0,0,0,0,0,0,0,0
SOSPECHOSOS,#D_SAN JERONIMO,MONJE,0.0,0.0,0.0,0.0,0.0,0.0,0.0,0.0,0.0,0.0,0,0,0,0,0,0,0,0,0,0,0,0,0,0,0,0,0,0,0,0,0,0,0,0,0,0,0,1,1,1,0,0,0
SOSPECHOSOS,#D_SAN JERONIMO,SAN GENARO,0.0,0.0,0.0,0.0,0.0,0.0,0.0,1.0,1.0,1.0,1,1,1,0,0,0,0,0,0,0,0,0,0,0,0,0,0,0,0,0,0,0,0,0,0,0,0,1,2,0,0,0,0
SOSPECHOSOS,#D_SAN JUSTO,#D_SAN JUSTO,0.0,0.0,0.0,0.0,0.0,0.0,0.0,0.0,0.0,0.0,0,1,2,1,1,0,1,1,1,2,0,1,0,0,1,1,0,0,0,0,0,0,1,2,0,0,0,0,0,0,2,1,0
SOSPECHOSOS,#D_SAN JUSTO,CAMPO LA PEPITA,0.0,0.0,0.0,0.0,0.0,0.0,0.0,0.0,0.0,0.0,0,1,0,0,0,0,0,0,0,0,0,0,0,0,0,0,0,0,0,0,0,0,0,0,0,0,0,0,0,0,0,0,0
SOSPECHOSOS,#D_SAN JUSTO,GOBERNADOR CRESPO,0.0,0.0,0.0,0.0,0.0,0.0,0.0,0.0,0.0,0.0,0,0,0,0,0,0,1,1,1,2,0,0,0,0,0,0,0,0,0,0,0,0,0,0,0,0,0,0,0,0,0,0,0
SOSPECHOSOS,#D_SAN JUSTO,LA CRIOLLA,0.0,0.0,0.0,0.0,0.0,0.0,0.0,0.0,0.0,0.0,0,0,0,0,0,0,0,0,0,0,0,0,0,0,0,0,0,0,0,0,0,0,0,0,0,0,0,0,0,0,0,0,0
SOSPECHOSOS,#D_SAN JUSTO,SAN JUSTO,0.0,0.0,0.0,0.0,0.0,0.0,0.0,0.0,0.0,0.0,0,0,2,1,1,0,0,0,0,0,0,1,0,0,1,1,0,0,0,0,0,0,0,1,0,0,0,0,0,0,2,1,0
SOSPECHOSOS,#D_SAN JUSTO,VIDELA,0.0,0.0,0.0,0.0,0.0,0.0,0.0,0.0,0.0,0.0,0,0,0,0,0,0,0,0,0,0,0,0,0,0,0,0,0,0,0,0,0,0,1,1,0,0,0,0,0,0,0,0,0
SOSPECHOSOS,#D_SAN LORENZO,#D_SAN LORENZO,0.0,0.0,0.0,0.0,1.0,2.0,2.0,2.0,2.0,5.0,2,6,6,8,7,8,6,12,11,14,10,11,10,8,17,11,13,8,8,9,8,7,10,9,8,12,10,8,7,13,5,6,10
SOSPECHOSOS,#D_SAN LORENZO,CAPITAN BERMUDEZ,0.0,0.0,0.0,0.0,0.0,1.0,1.0,1.0,0.0,0.0,0,2,2,2,2,2,2,2,2,1,1,1,0,0,1,1,1,1,0,0,1,1,1,0,1,0,0,2,1,2,0,0,1
SOSPECHOSOS,#D_SAN LORENZO,CARCARANA,0.0,0.0,0.0,0.0,0.0,0.0,0.0,0.0,0.0,0.0,0,0,0,1,0,0,0,1,0,2,2,1,1,1,2,1,0,0,0,0,0,0,0,0,1,0,0,0,1,0,0,0,0
SOSPECHOSOS,#D_SAN LORENZO,FRAY LUIS BELTRAN,0.0,0.0,0.0,0.0,0.0,0.0,0.0,0.0,0.0,0.0,0,0,0,0,0,0,0,0,1,3,0,1,1,0,0,0,0,0,1,0,0,0,0,0,0,2,1,0,0,2,0,0,0
SOSPECHOSOS,#D_SAN LORENZO,FUENTES,0.0,0.0,0.0,0.0,0.0,0.0,0.0,0.0,0.0,0.0,0,0,0,0,0,0,0,0,0,0,0,0,0,0,0,0,0,0,0,1,0,0,1,1,0,0,0,0,0,0,0,0,0
SOSPECHOSOS,#D_SAN LORENZO,LUIS PALACIOS,0.0,0.0,0.0,0.0,0.0,0.0,0.0,0.0,0.0,0.0,0,0,0,0,0,1,0,0,0,0,0,0,0,0,0,0,0,0,0,0,0,0,0,0,0,0,0,0,0,0,0,0,1
SOSPECHOSOS,#D_SAN LORENZO,PUERTO SAN MARTIN,0.0,0.0,0.0,0.0,0.0,0.0,0.0,0.0,0.0,0.0,0,2,1,1,1,1,0,0,0,0,0,0,0,0,2,0,0,0,0,0,0,0,1,0,0,0,1,0,0,0,0,0,1
SOSPECHOSOS,#D_SAN LORENZO,PUJATO,0.0,0.0,0.0,0.0,0.0,0.0,0.0,0.0,0.0,0.0,0,0,0,0,0,0,0,1,0,0,0,0,0,0,0,0,0,0,0,0,0,0,0,0,0,0,0,0,0,0,0,0,1
SOSPECHOSOS,#D_SAN LORENZO,RICARDONE,0.0,0.0,0.0,0.0,0.0,0.0,0.0,0.0,0.0,0.0,0,0,0,0,0,0,0,1,0,0,0,0,0,0,1,0,0,0,0,0,0,0,0,1,0,0,0,0,0,0,1,0,0
SOSPECHOSOS,#D_SAN LORENZO,ROLDAN,0.0,0.0,0.0,0.0,0.0,0.0,0.0,0.0,0.0,2.0,0,0,1,2,1,1,1,2,1,2,1,1,1,2,2,4,4,2,2,2,1,1,1,1,1,1,0,0,0,1,0,0,0
SOSPECHOSOS,#D_SAN LORENZO,SAN JERONIMO SUR,0.0,0.0,0.0,0.0,0.0,0.0,0.0,0.0,0.0,0.0,0,0,0,0,0,0,0,0,0,0,0,1,1,1,1,1,1,1,1,0,0,0,0,0,0,0,0,0,0,0,0,0,0
SOSPECHOSOS,#D_SAN LORENZO,SAN LORENZO,0.0,0.0,0.0,0.0,0.0,0.0,0.0,0.0,1.0,2.0,1,2,2,2,2,2,2,4,6,5,5,5,5,3,6,3,6,3,3,5,5,4,4,5,4,8,7,5,4,7,3,5,5
SOSPECHOSOS,#D_SAN LORENZO,TIMBUES,0.0,0.0,0.0,0.0,0.0,0.0,0.0,0.0,0.0,0.0,0,0,0,0,1,1,1,1,1,1,1,1,1,1,1,1,1,1,1,1,1,1,1,1,1,1,1,1,1,1,1,1,1
SOSPECHOSOS,#D_SAN LORENZO,VILLA MUGUETA,0.0,0.0,0.0,0.0,1.0,1.0,1.0,1.0,1.0,1.0,1,0,0,0,0,0,0,0,0,0,0,0,0,0,1,0,0,0,0,0,0,0,1,0,0,0,0,0,0,0,0,0,0
SOSPECHOSOS,#D_SAN MARTIN,#D_SAN MARTIN,0.0,0.0,0.0,0.0,1.0,1.0,1.0,0.0,0.0,0.0,0,1,0,0,0,0,1,0,2,1,1,1,0,0,1,1,2,0,1,0,1,0,0,0,1,2,2,1,1,0,1,0,0
SOSPECHOSOS,#D_SAN MARTIN,CARLOS PELLEGRINI,0.0,0.0,0.0,0.0,0.0,0.0,0.0,0.0,0.0,0.0,0,0,0,0,0,0,0,0,0,0,0,0,0,0,0,0,0,0,0,0,0,0,0,0,0,0,1,0,0,0,0,0,0
SOSPECHOSOS,#D_SAN MARTIN,EL TREBOL,0.0,0.0,0.0,0.0,0.0,0.0,0.0,0.0,0.0,0.0,0,0,0,0,0,0,0,0,0,0,0,0,0,0,0,0,0,0,0,0,0,0,0,0,0,1,0,0,0,0,0,0,0
SOSPECHOSOS,#D_SAN MARTIN,MARIA SUSANA,0.0,0.0,0.0,0.0,0.0,0.0,0.0,0.0,0.0,0.0,0,0,0,0,0,0,0,0,0,0,0,0,0,0,0,0,1,0,0,0,0,0,0,0,0,0,0,0,0,0,0,0,0
SOSPECHOSOS,#D_SAN MARTIN,PIAMONTE,0.0,0.0,0.0,0.0,0.0,0.0,0.0,0.0,0.0,0.0,0,0,0,0,0,0,0,0,0,0,0,0,0,0,0,0,0,0,0,0,0,0,0,0,0,0,0,0,0,0,0,0,0
SOSPECHOSOS,#D_SAN MARTIN,SAN JORGE,0.0,0.0,0.0,0.0,0.0,0.0,0.0,0.0,0.0,0.0,0,1,0,0,0,0,1,0,2,1,1,1,0,0,1,1,1,0,0,0,1,0,0,0,1,1,1,1,1,0,1,0,0
SOSPECHOSOS,#D_SAN MARTIN,SASTRE,0.0,0.0,0.0,0.0,1.0,1.0,1.0,0.0,0.0,0.0,0,0,0,0,0,0,0,0,0,0,0,0,0,0,0,0,0,0,1,0,0,0,0,0,0,0,0,0,0,0,0,0,0
SOSPECHOSOS,#D_VERA,#D_VERA,0.0,0.0,0.0,0.0,0.0,0.0,0.0,0.0,0.0,0.0,0,1,0,0,1,0,0,0,0,1,0,3,1,2,0,0,0,0,5,0,0,0,0,1,0,2,0,0,0,0,0,0,0
SOSPECHOSOS,#D_VERA,CALCHAQUI,0.0,0.0,0.0,0.0,0.0,0.0,0.0,0.0,0.0,0.0,0,0,0,0,1,0,0,0,0,0,0,1,0,1,0,0,0,0,0,0,0,0,0,0,0,0,0,0,0,0,0,0,0
SOSPECHOSOS,#D_VERA,MARGARITA,0.0,0.0,0.0,0.0,0.0,0.0,0.0,0.0,0.0,0.0,0,0,0,0,0,0,0,0,0,0,0,0,0,0,0,0,0,0,0,0,0,0,0,1,0,1,0,0,0,0,0,0,0
SOSPECHOSOS,#D_VERA,VERA,0.0,0.0,0.0,0.0,0.0,0.0,0.0,0.0,0.0,0.0,0,1,0,0,0,0,0,0,0,1,0,2,1,1,0,0,0,0,5,0,0,0,0,0,0,1,0,0,0,0,0,0,0
